"lab","sample","concentration","method","temperature"
1,590,64.4,"LC-MS-MS","Room"
1,589,65.3,"LC-MS-MS","Frozen"
2,589,65,"LC-MS-MS","Frozen"
2,590,65,"LC-MS-MS","Room"
3,589,55,"Siemens ADVIA Centaur","Frozen"
3,590,60,"Siemens ADVIA Centaur","Room"
4,590,56,"Roche Vitamin D Total II","Room"
4,589,57,"Roche Vitamin D Total II","Frozen"
5,589,59,"LC-MS-MS","Frozen"
5,590,59,"LC-MS-MS","Room"
6,589,48.2,"DiaSorin Liaison Total","Frozen"
6,590,53.2,"DiaSorin Liaison Total","Room"
7,589,54,"DiaSorin Liaison Total","Frozen"
7,590,55,"DiaSorin Liaison Total","Room"
8,589,57,"Abbott Architect - New (5P02)","Frozen"
8,590,61.2,"Abbott Architect - New (5P02)","Room"
9,590,20,"LC-MS-MS","Room"
9,589,62,"LC-MS-MS","Frozen"
10,589,65.2,"IDS RIA","Frozen"
10,590,67,"IDS RIA","Room"
11,589,52,"DiaSorin Liaison Total","Frozen"
11,590,56,"DiaSorin Liaison Total","Room"
12,590,60,"Abbott Architect - New (5P02)","Room"
12,589,62,"Abbott Architect - New (5P02)","Frozen"
13,589,57.3,"Abbott Architect - New (5P02)","Frozen"
13,590,58.5,"Abbott Architect - New (5P02)","Room"
14,589,55,"DiaSorin Liaison Total","Frozen"
14,590,59,"DiaSorin Liaison Total","Room"
15,590,54.8,"Roche Vitamin D Total II","Room"
15,589,58.3,"Roche Vitamin D Total II","Frozen"
16,590,59.1,"Abbott Architect - New (5P02)","Room"
16,589,59.7,"Abbott Architect - New (5P02)","Frozen"
17,589,60,"Abbott Alinity i","Frozen"
17,590,62,"Abbott Alinity i","Room"
18,590,57,"Roche Vitamin D Total II","Room"
18,589,59,"Roche Vitamin D Total II","Frozen"
19,590,57,"IDS-iSYS New","Room"
19,589,58,"IDS-iSYS New","Frozen"
20,589,61.4,"LC-MS-MS","Frozen"
20,590,65.6,"LC-MS-MS","Room"
21,589,67.6,"LC-MS-MS","Frozen"
21,590,71.9,"LC-MS-MS","Room"
22,590,55.6,"DiaSorin Liaison Total","Room"
22,589,56.1,"DiaSorin Liaison Total","Frozen"
23,590,59,"Roche Vitamin D Total II","Room"
23,589,61,"Roche Vitamin D Total II","Frozen"
24,589,65,"Roche Total 25OHD","Frozen"
24,590,66,"Roche Total 25OHD","Room"
25,590,70,"LC-MS-MS","Room"
25,589,81,"LC-MS-MS","Frozen"
26,589,54.7,"DiaSorin Liaison Total","Frozen"
26,590,NA,"DiaSorin Liaison Total","Room"
27,589,56,"Beckman Access2 Total 25OHD","Frozen"
27,590,56,"Beckman Access2 Total 25OHD","Room"
28,589,57,"Roche Total 25OHD","Frozen"
28,590,59,"Roche Total 25OHD","Room"
29,590,57.8,"Abbott Architect - New (5P02)","Room"
29,589,59.3,"Abbott Architect - New (5P02)","Frozen"
30,590,52,"DiaSorin Liaison Total","Room"
30,589,60,"DiaSorin Liaison Total","Frozen"
31,590,60.3,"Abbott Alinity i","Room"
31,589,61.7,"Abbott Alinity i","Frozen"
32,589,62,"Roche Total 25OHD","Frozen"
32,590,63,"Roche Total 25OHD","Room"
33,590,57.5,"Roche Vitamin D Total II","Room"
33,589,62,"Roche Vitamin D Total II","Frozen"
34,589,48.8,"IDS EIA","Frozen"
34,590,52.9,"IDS EIA","Room"
35,589,52.8,"DiaSorin Liaison Total","Frozen"
35,590,53.8,"DiaSorin Liaison Total","Room"
36,590,79.3,"LC-MS-MS","Room"
36,589,81.1,"LC-MS-MS","Frozen"
37,590,57,"Beckman Unicel Dxi Total 25OHD","Room"
37,589,65,"Beckman Unicel Dxi Total 25OHD","Frozen"
38,590,60.8,"DiaSorin Liaison Total","Room"
38,589,63,"DiaSorin Liaison Total","Frozen"
39,589,62,"LC-MS-MS","Frozen"
39,590,68,"LC-MS-MS","Room"
40,589,59,"Fujirebio Lumipulse G 25OH Vit D","Frozen"
40,590,59,"Fujirebio Lumipulse G 25OH Vit D","Room"
41,589,53.8,"Roche Total 25OHD","Frozen"
41,590,56.3,"Roche Total 25OHD","Room"
42,589,56,"IDS-iSYS","Frozen"
42,590,69.5,"IDS-iSYS","Room"
43,589,83.9,"IDS-iSYS","Frozen"
43,590,89,"IDS-iSYS","Room"
44,589,57,"LC-MS-MS","Frozen"
44,590,62,"LC-MS-MS","Room"
45,590,54.7,"DiaSorin Liaison Total","Room"
45,589,56,"DiaSorin Liaison Total","Frozen"
46,590,60,"IDS-iSYS New","Room"
46,589,63,"IDS-iSYS New","Frozen"
47,590,66,"Roche Total 25OHD","Room"
47,589,70,"Roche Total 25OHD","Frozen"
48,589,66.1,"HPLC","Frozen"
48,590,86.3,"HPLC","Room"
49,590,50.5,"DiaSorin Liaison Total","Room"
49,589,53,"DiaSorin Liaison Total","Frozen"
50,589,56.5,"Roche Vitamin D Total II","Frozen"
50,590,58,"Roche Vitamin D Total II","Room"
51,589,66.7,"LC-MS-MS","Frozen"
51,590,67.1,"LC-MS-MS","Room"
52,589,79,"Siemens Atellica IM","Frozen"
52,590,88.2,"Siemens Atellica IM","Room"
53,589,51.8,"DiaSorin Liaison Total","Frozen"
53,590,55,"DiaSorin Liaison Total","Room"
54,590,60,"Siemens Atellica IM","Room"
54,589,62.5,"Siemens Atellica IM","Frozen"
55,590,69,"LC-MS-MS","Room"
55,589,72,"LC-MS-MS","Frozen"
56,590,59.4,"LC-MS-MS","Room"
56,589,64.3,"LC-MS-MS","Frozen"
57,590,59,"DiaSorin Liaison Total","Room"
57,589,60.3,"DiaSorin Liaison Total","Frozen"
58,589,60.1,"LC-MS-MS","Frozen"
58,590,60.5,"LC-MS-MS","Room"
59,589,61.9,"LC-MS-MS","Frozen"
59,590,62.8,"LC-MS-MS","Room"
60,589,56.8,"DiaSorin Liaison Total","Frozen"
60,590,61.8,"DiaSorin Liaison Total","Room"
61,590,50,"Beckman Unicel Dxi Total 25OHD","Room"
61,589,53.3,"Beckman Unicel Dxi Total 25OHD","Frozen"
62,589,62.5,"LC-MS-MS","Frozen"
62,590,62.5,"LC-MS-MS","Room"
63,589,57.7,"Siemens ADVIA Centaur","Frozen"
63,590,61.7,"Siemens ADVIA Centaur","Room"
64,590,50,"DiaSorin Liaison Total","Room"
64,589,53,"DiaSorin Liaison Total","Frozen"
65,589,62.2,"LC-MS-MS","Frozen"
65,590,63.2,"LC-MS-MS","Room"
66,589,56.5,"IDS-iSYS New","Frozen"
66,590,61,"IDS-iSYS New","Room"
67,590,66.4,"HPLC","Room"
67,589,70.1,"HPLC","Frozen"
68,590,56.6,"IDS EIA","Room"
68,589,56.7,"IDS EIA","Frozen"
69,589,63,"DiaSorin Liaison Total","Frozen"
69,590,64,"DiaSorin Liaison Total","Room"
70,589,45.9,"DiaSorin Liaison Total","Frozen"
70,590,46.4,"DiaSorin Liaison Total","Room"
71,589,59.4,"Siemens ADVIA Centaur","Frozen"
71,590,60.8,"Siemens ADVIA Centaur","Room"
72,590,58,"Roche Vitamin D Total II","Room"
72,589,59,"Roche Vitamin D Total II","Frozen"
73,589,66,"LC-MS-MS","Frozen"
73,590,68,"LC-MS-MS","Room"
74,590,53.8,"DiaSorin Liaison Total","Room"
74,589,54.5,"DiaSorin Liaison Total","Frozen"
75,590,55.5,"DiaSorin Liaison Total","Room"
75,589,57.3,"DiaSorin Liaison Total","Frozen"
76,590,73.2,"Roche Vitamin D Total II","Room"
76,589,73.5,"Roche Vitamin D Total II","Frozen"
77,589,57.5,"DiaSorin Liaison Total","Frozen"
77,590,60,"DiaSorin Liaison Total","Room"
78,589,58,"LC-MS-MS","Frozen"
78,590,62.2,"LC-MS-MS","Room"
79,590,53,"IDS-iSYS New","Room"
79,589,53.6,"IDS-iSYS New","Frozen"
80,589,62.5,"IDS-iSYS New","Frozen"
80,590,62.5,"IDS-iSYS New","Room"
81,589,49,"Siemens ADVIA Centaur","Frozen"
81,590,56,"Siemens ADVIA Centaur","Room"
82,589,65.2,"DiaSorin Liaison Total","Frozen"
82,590,67.4,"DiaSorin Liaison Total","Room"
83,590,42.6,"DiaSorin Liaison Total","Room"
83,589,43.4,"DiaSorin Liaison Total","Frozen"
84,590,59.6,"Abbott Alinity i","Room"
84,589,60,"Abbott Alinity i","Frozen"
85,589,53.3,"DiaSorin Liaison Total","Frozen"
85,590,56.5,"DiaSorin Liaison Total","Room"
86,589,62.6,"Siemens ADVIA Centaur","Frozen"
86,590,63.1,"Siemens ADVIA Centaur","Room"
87,589,51.3,"DiaSorin Liaison Total","Frozen"
87,590,56.3,"DiaSorin Liaison Total","Room"
88,590,52.9,"DiaSorin Liaison Total","Room"
88,589,53.2,"DiaSorin Liaison Total","Frozen"
89,589,59.6,"Siemens ADVIA Centaur","Frozen"
89,590,67.5,"Siemens ADVIA Centaur","Room"
90,590,57,"LC-MS-MS","Room"
90,589,61,"LC-MS-MS","Frozen"
91,589,61.6,"Roche Vitamin D Total II","Frozen"
91,590,62.4,"Roche Vitamin D Total II","Room"
92,589,43.5,"Beckman Unicel Dxi Total 25OHD","Frozen"
92,590,46.7,"Beckman Unicel Dxi Total 25OHD","Room"
93,589,57.5,"Roche Vitamin D Total II","Frozen"
93,590,57.5,"Roche Vitamin D Total II","Room"
94,589,55,"DiaSorin Liaison Total","Frozen"
94,590,57.8,"DiaSorin Liaison Total","Room"
95,589,52.3,"DiaSorin Liaison Total","Frozen"
95,590,54,"DiaSorin Liaison Total","Room"
96,589,60.5,"LC-MS-MS","Frozen"
96,590,65.6,"LC-MS-MS","Room"
97,589,52.5,"LC-MS-MS","Frozen"
97,590,57.5,"LC-MS-MS","Room"
98,589,55.4,"DiaSorin Liaison Total","Frozen"
98,590,58.7,"DiaSorin Liaison Total","Room"
99,590,60.5,"HPLC","Room"
99,589,63,"HPLC","Frozen"
100,589,56.5,"IDS-iSYS New","Frozen"
100,590,58.2,"IDS-iSYS New","Room"
101,589,59,"DiaSorin Liaison Total","Frozen"
101,590,61,"DiaSorin Liaison Total","Room"
102,589,59,"DiaSorin Liaison Total","Frozen"
102,590,59.8,"DiaSorin Liaison Total","Room"
103,589,52,"DiaSorin Liaison Total","Frozen"
103,590,53.2,"DiaSorin Liaison Total","Room"
104,590,63.4,"LC-MS-MS","Room"
104,589,63.9,"LC-MS-MS","Frozen"
105,590,54,"Roche Vitamin D Total II","Room"
105,589,56,"Roche Vitamin D Total II","Frozen"
106,589,61.4,"LC-MS-MS","Frozen"
106,590,62.1,"LC-MS-MS","Room"
107,589,52.8,"DiaSorin Liaison Total","Frozen"
107,590,53.6,"DiaSorin Liaison Total","Room"
108,589,64,"Roche Total 25OHD","Frozen"
108,590,72,"Roche Total 25OHD","Room"
109,590,57.1,"Roche Vitamin D Total II","Room"
109,589,60.9,"Roche Vitamin D Total II","Frozen"
110,589,70,"DiaSorin Liaison Total","Frozen"
110,590,74.8,"DiaSorin Liaison Total","Room"
111,590,53,"Roche Vitamin D Total II","Room"
111,589,55.7,"Roche Vitamin D Total II","Frozen"
112,590,50,"LC-MS-MS","Room"
112,589,55,"LC-MS-MS","Frozen"
113,589,66.3,"LC-MS-MS","Frozen"
113,590,69.8,"LC-MS-MS","Room"
114,589,57.6,"Siemens Atellica IM","Frozen"
114,590,63.8,"Siemens Atellica IM","Room"
115,590,64.4,"Roche Total 25OHD","Room"
115,589,65.9,"Roche Total 25OHD","Frozen"
116,589,56.6,"Siemens ADVIA Centaur","Frozen"
116,590,57.2,"Siemens ADVIA Centaur","Room"
117,589,62.9,"LC-MS-MS","Frozen"
117,590,65.4,"LC-MS-MS","Room"
118,590,57,"Roche Vitamin D Total II","Room"
118,589,59,"Roche Vitamin D Total II","Frozen"
119,589,55.2,"DiaSorin Liaison Total","Frozen"
119,590,56.5,"DiaSorin Liaison Total","Room"
120,589,52.5,"DiaSorin Liaison Total","Frozen"
120,590,60,"DiaSorin Liaison Total","Room"
121,589,52.5,"DiaSorin Liaison Total","Frozen"
121,590,54.3,"DiaSorin Liaison Total","Room"
122,589,67,"Roche Vitamin D Total II","Frozen"
122,590,68.3,"Roche Vitamin D Total II","Room"
123,589,53,"DiaSorin Liaison Total","Frozen"
123,590,54,"DiaSorin Liaison Total","Room"
124,589,63.3,"Roche Total 25OHD","Frozen"
124,590,65.3,"Roche Total 25OHD","Room"
125,590,54.3,"IDS-iSYS New","Room"
125,589,56.8,"IDS-iSYS New","Frozen"
126,589,50,"DiaSorin Liaison Total","Frozen"
126,590,54,"DiaSorin Liaison Total","Room"
127,589,52,"DiaSorin Liaison Total","Frozen"
127,590,54,"DiaSorin Liaison Total","Room"
128,589,53.5,"DiaSorin Liaison Total","Frozen"
128,590,53.5,"DiaSorin Liaison Total","Room"
129,590,56.7,"Abbott Architect - New (5P02)","Room"
129,589,57.5,"Abbott Architect - New (5P02)","Frozen"
130,590,51.2,"DiaSorin Liaison Total","Room"
130,589,52.6,"DiaSorin Liaison Total","Frozen"
131,589,54.3,"DiaSorin Liaison Total","Frozen"
131,590,57,"DiaSorin Liaison Total","Room"
132,590,58.8,"Siemens ADVIA Centaur","Room"
132,589,64.8,"Siemens ADVIA Centaur","Frozen"
133,589,54.8,"DiaSorin Liaison Total","Frozen"
133,590,56.8,"DiaSorin Liaison Total","Room"
134,590,50.2,"DiaSorin Liaison Total","Room"
134,589,51.7,"DiaSorin Liaison Total","Frozen"
135,589,56.8,"DiaSorin Liaison Total","Frozen"
135,590,57,"DiaSorin Liaison Total","Room"
136,590,55.7,"DiaSorin Liaison Total","Room"
136,589,57.9,"DiaSorin Liaison Total","Frozen"
137,590,55.5,"DiaSorin Liaison Total","Room"
137,589,56.3,"DiaSorin Liaison Total","Frozen"
138,590,57.5,"DiaSorin Liaison Total","Room"
138,589,57.8,"DiaSorin Liaison Total","Frozen"
139,590,49.8,"DiaSorin Liaison Total","Room"
139,589,50.4,"DiaSorin Liaison Total","Frozen"
140,589,57.8,"LC-MS-MS","Frozen"
140,590,58.3,"LC-MS-MS","Room"
141,590,55.5,"LC-MS-MS","Room"
141,589,56.8,"LC-MS-MS","Frozen"
142,589,58,"LC-MS-MS","Frozen"
142,590,58.5,"Abbott Alinity i","Room"
143,589,59.3,"IDS-iSYS","Frozen"
143,590,60,"IDS-iSYS","Room"
144,589,49.9,"Roche Total 25OHD","Frozen"
144,590,53.4,"Roche Total 25OHD","Room"
145,589,62,"Abbott Alinity i","Frozen"
145,590,65,"Abbott Alinity i","Room"
146,590,53.1,"LC-MS-MS","Room"
146,589,62.3,"LC-MS-MS","Frozen"
147,589,55,"DiaSorin Liaison Total","Frozen"
147,590,55,"DiaSorin Liaison Total","Room"
148,590,55.3,"DiaSorin Liaison Total","Room"
148,589,55.8,"DiaSorin Liaison Total","Frozen"
149,590,60.9,"IDS-iSYS New","Room"
149,589,62.3,"IDS-iSYS New","Frozen"
150,589,52.8,"IDS-iSYS New","Frozen"
150,590,56.3,"IDS-iSYS New","Room"
151,589,55.8,"DiaSorin Liaison Total","Frozen"
151,590,57.3,"DiaSorin Liaison Total","Room"
152,589,54.8,"DiaSorin Liaison Total","Frozen"
152,590,54.8,"DiaSorin Liaison Total","Room"
153,590,64,"LC-MS-MS","Room"
153,589,65,"LC-MS-MS","Frozen"
154,590,53.5,"DiaSorin Liaison Total","Room"
154,589,55,"DiaSorin Liaison Total","Frozen"
155,590,57.3,"IDS-iSYS New","Room"
155,589,65.8,"IDS-iSYS New","Frozen"
156,590,55.3,"Roche Vitamin D Total II","Room"
156,589,58.5,"Roche Vitamin D Total II","Frozen"
157,589,55.2,"Abbott Architect - New (5P02)","Frozen"
157,590,58.7,"Abbott Architect - New (5P02)","Room"
158,589,65,"LC-MS-MS","Frozen"
158,590,69.9,"LC-MS-MS","Room"
159,589,58,"Beckman Unicel Dxi Total 25OHD","Frozen"
159,590,62,"Beckman Unicel Dxi Total 25OHD","Room"
160,589,69.5,"Abbott Architect - New (5P02)","Frozen"
160,590,69.5,"Abbott Architect - New (5P02)","Room"
161,589,53.5,"DiaSorin Liaison Total","Frozen"
161,590,54,"DiaSorin Liaison Total","Room"
162,589,58.4,"LC-MS-MS","Frozen"
162,590,65,"LC-MS-MS","Room"
163,589,52.5,"IDS EIA","Frozen"
163,590,53.3,"IDS EIA","Room"
164,590,55.3,"LC-MS-MS","Room"
164,589,58,"LC-MS-MS","Frozen"
165,589,67.3,"Siemens ADVIA Centaur","Frozen"
165,590,71,"Siemens ADVIA Centaur","Room"
166,590,50,"DiaSorin Liaison Total","Room"
166,589,55,"DiaSorin Liaison Total","Frozen"
167,589,53.3,"IDS-iSYS","Frozen"
167,590,54.3,"IDS-iSYS","Room"
168,590,55,"DiaSorin Liaison Total","Room"
168,589,56.5,"DiaSorin Liaison Total","Frozen"
169,589,59,"Roche Vitamin D Total II","Frozen"
169,590,61,"Roche Vitamin D Total II","Room"
170,589,61.5,"DiaSorin Liaison Total","Frozen"
170,590,66.8,"DiaSorin Liaison Total","Room"
171,590,52.5,"DiaSorin Liaison Total","Room"
171,589,55,"DiaSorin Liaison Total","Frozen"
172,589,56.5,"DiaSorin Liaison Total","Frozen"
172,590,56.5,"DiaSorin Liaison Total","Room"
173,589,55,"DiaSorin Liaison Total","Frozen"
173,590,55,"DiaSorin Liaison Total","Room"
174,589,52.5,"DiaSorin Liaison Total","Frozen"
174,590,57.5,"DiaSorin Liaison Total","Room"
175,590,59.8,"DiaSorin Liaison Total","Room"
175,589,61.3,"DiaSorin Liaison Total","Frozen"
176,590,63,"Abbott Alinity i","Room"
176,589,63.3,"Abbott Alinity i","Frozen"
177,589,55,"DiaSorin Liaison Total","Frozen"
177,590,56.5,"DiaSorin Liaison Total","Room"
178,589,55.8,"DiaSorin Liaison Total","Frozen"
178,590,55.8,"DiaSorin Liaison Total","Room"
179,590,55.5,"DiaSorin Liaison Total","Room"
179,589,57.5,"DiaSorin Liaison Total","Frozen"
180,590,60,"DiaSorin Liaison Total","Room"
180,589,61,"DiaSorin Liaison Total","Frozen"
181,589,57.6,"Siemens ADVIA Centaur","Frozen"
181,590,63.5,"Siemens ADVIA Centaur","Room"
182,590,61.1,"Abbott Architect - New (5P02)","Room"
182,589,61.4,"Abbott Architect - New (5P02)","Frozen"
183,589,57,"Fujirebio Lumipulse G 25OH Vit D","Frozen"
183,590,59.5,"Fujirebio Lumipulse G 25OH Vit D","Room"
184,589,51.2,"DiaSorin Liaison Total","Frozen"
184,590,52.8,"DiaSorin Liaison Total","Room"
185,589,56.8,"DiaSorin Liaison Total","Frozen"
185,590,58.3,"DiaSorin Liaison Total","Room"
186,590,48.8,"DiaSorin Liaison Total","Room"
186,589,50.5,"DiaSorin Liaison Total","Frozen"
187,589,75.8,"LC-MS-MS","Frozen"
187,590,80.3,"LC-MS-MS","Room"
188,590,60,"IDS-iSYS","Room"
188,589,63,"IDS-iSYS","Frozen"
189,589,64.4,"LC-MS-MS","Frozen"
189,590,65.6,"LC-MS-MS","Room"
190,590,59.5,"DiaSorin Liaison Total","Room"
190,589,60.9,"DiaSorin Liaison Total","Frozen"
191,590,57.2,"LC-MS-MS","Room"
191,589,59.2,"LC-MS-MS","Frozen"
192,589,64.5,"Siemens ADVIA Centaur","Frozen"
192,590,74.5,"Siemens ADVIA Centaur","Room"
193,589,60,"LC-MS-MS","Frozen"
193,590,62.8,"LC-MS-MS","Room"
194,590,60,"LC-MS-MS","Room"
194,589,62.2,"LC-MS-MS","Frozen"
195,589,65.8,"IDS-iSYS New","Frozen"
195,590,65.8,"IDS-iSYS New","Room"
196,590,58.2,"LC-MS-MS","Room"
196,589,62,"LC-MS-MS","Frozen"
197,590,60,"IDS-iSYS New","Room"
197,589,61.8,"IDS-iSYS New","Frozen"
198,590,54.5,"IDS-iSYS","Room"
198,589,55.1,"IDS-iSYS","Frozen"
199,590,57.3,"Abbott Alinity i","Room"
199,589,62.5,"Abbott Alinity i","Frozen"
200,589,61.7,"Siemens Atellica IM","Frozen"
200,590,72.3,"Siemens Atellica IM","Room"
201,590,43.5,"Ortho Total 25OHD","Room"
201,589,54.9,"Ortho Total 25OHD","Frozen"
202,589,49,"LC-MS-MS","Frozen"
202,590,51,"LC-MS-MS","Room"
203,589,60.5,"Siemens ADVIA Centaur","Frozen"
203,590,69.1,"Siemens ADVIA Centaur","Room"
204,590,57.5,"LC-MS-MS","Room"
204,589,60,"LC-MS-MS","Frozen"
205,589,49.5,"DiaSorin Liaison Total","Frozen"
205,590,55.3,"DiaSorin Liaison Total","Room"
206,589,59.3,"DiaSorin Liaison Total","Frozen"
206,590,61.8,"DiaSorin Liaison Total","Room"
207,589,61.1,"Roche Vitamin D Total II","Frozen"
207,590,62.7,"Roche Vitamin D Total II","Room"
208,590,59.5,"IDS-iSYS","Room"
208,589,61.5,"IDS-iSYS","Frozen"
209,590,62,"Roche Vitamin D Total II","Room"
209,589,66,"Roche Vitamin D Total II","Frozen"
210,589,58.9,"DiaSorin Liaison Total","Frozen"
210,590,59.6,"DiaSorin Liaison Total","Room"
211,590,55.1,"DiaSorin Liaison Total","Room"
211,589,55.8,"DiaSorin Liaison Total","Frozen"
212,590,52.7,"DiaSorin Liaison Total","Room"
212,589,52.8,"DiaSorin Liaison Total","Frozen"
213,590,53.8,"DiaSorin Liaison Total","Room"
213,589,57.3,"DiaSorin Liaison Total","Frozen"
214,590,50.3,"DiaSorin Liaison Total","Room"
214,589,51.3,"DiaSorin Liaison Total","Frozen"
215,590,56.5,"DiaSorin Liaison Total","Room"
215,589,58,"DiaSorin Liaison Total","Frozen"
216,589,39.5,"DiaSorin Liaison Total","Frozen"
216,590,43,"DiaSorin Liaison Total","Room"
217,589,58,"Beckman Unicel Dxi Total 25OHD","Frozen"
217,590,63,"Beckman Unicel Dxi Total 25OHD","Room"
218,589,54.3,"DiaSorin Liaison Total","Frozen"
218,590,57.5,"DiaSorin Liaison Total","Room"
219,590,61,"Roche Vitamin D Total II","Room"
219,589,62.6,"Roche Vitamin D Total II","Frozen"
220,590,65,"LC-MS-MS","Room"
220,589,68,"LC-MS-MS","Frozen"
221,589,63.2,"LC-MS-MS","Frozen"
221,590,63.6,"LC-MS-MS","Room"
222,589,50,"DiaSorin Liaison Total","Frozen"
222,590,52.5,"DiaSorin Liaison Total","Room"
223,590,52,"Beckman Unicel Dxi Total 25OHD","Room"
223,589,54,"Beckman Unicel Dxi Total 25OHD","Frozen"
224,589,69.9,"Siemens ADVIA Centaur","Frozen"
224,590,78.2,"Siemens ADVIA Centaur","Room"
225,590,47.5,"LC-MS-MS","Room"
225,589,50,"LC-MS-MS","Frozen"
226,589,51.3,"DiaSorin Liaison Total","Frozen"
226,590,55.8,"DiaSorin Liaison Total","Room"
227,589,20.3,"DiaSorin Liaison Total","Frozen"
227,590,20.9,"DiaSorin Liaison Total","Room"
228,589,54.8,"DiaSorin Liaison Total","Frozen"
228,590,56,"DiaSorin Liaison Total","Room"
229,589,59,"Abbott Alinity i","Frozen"
229,590,60,"Abbott Alinity i","Room"
230,589,50,"DiaSorin Liaison Total","Frozen"
230,590,52.8,"DiaSorin Liaison Total","Room"
231,590,58.3,"Roche Vitamin D Total II","Room"
231,589,59.3,"Roche Vitamin D Total II","Frozen"
232,590,57.9,"Roche Vitamin D Total II","Room"
232,589,61,"Roche Vitamin D Total II","Frozen"
233,590,54.8,"DiaSorin Liaison Total","Room"
233,589,59,"DiaSorin Liaison Total","Frozen"
234,589,52.8,"IDS EIA","Frozen"
234,590,53.7,"IDS EIA","Room"
235,590,53,"Beckman Unicel Dxi Total 25OHD","Room"
235,589,55,"Beckman Unicel Dxi Total 25OHD","Frozen"
236,590,51.3,"DiaSorin Liaison Total","Room"
236,589,53.8,"DiaSorin Liaison Total","Frozen"
237,589,63.8,"Roche Total 25OHD","Frozen"
237,590,64.9,"Roche Total 25OHD","Room"
238,590,64.8,"Beckman Unicel Dxi Total 25OHD","Room"
238,589,65.8,"Beckman Unicel Dxi Total 25OHD","Frozen"
239,589,52.8,"Roche Vitamin D Total II","Frozen"
239,590,58.5,"Roche Vitamin D Total II","Room"
240,590,55.8,"LC-MS-MS","Room"
240,589,60.5,"LC-MS-MS","Frozen"
241,590,56.6,"Roche Total 25OHD","Room"
241,589,58.7,"Roche Total 25OHD","Frozen"
242,589,59,"LC-MS-MS","Frozen"
242,590,59,"LC-MS-MS","Room"
243,590,59.3,"LC-MS-MS","Room"
243,589,60.6,"LC-MS-MS","Frozen"
244,589,66.3,"LC-MS-MS","Frozen"
244,590,67,"LC-MS-MS","Room"
245,590,64.5,"Roche Vitamin D Total II","Room"
245,589,70.5,"Roche Vitamin D Total II","Frozen"
246,590,58.2,"Roche Total 25OHD","Room"
246,589,59.8,"Roche Total 25OHD","Frozen"
247,590,58.9,"Roche Vitamin D Total II","Room"
247,589,61.4,"Roche Vitamin D Total II","Frozen"
248,590,51,"Roche Total 25OHD","Room"
248,589,54,"Roche Total 25OHD","Frozen"
249,590,56.4,"Roche Vitamin D Total II","Room"
249,589,60,"Roche Vitamin D Total II","Frozen"
250,590,57.2,"Euroimmun ELISA","Room"
250,589,60.5,"Euroimmun ELISA","Frozen"
251,589,56.3,"LC-MS-MS","Frozen"
251,590,56.5,"LC-MS-MS","Room"
252,590,59.8,"DiaSorin Liaison Total","Room"
252,589,60.3,"DiaSorin Liaison Total","Frozen"
253,590,69.2,"DiaSorin Liaison Total","Room"
253,589,70.5,"DiaSorin Liaison Total","Frozen"
254,589,69,"Siemens ADVIA Centaur","Frozen"
254,590,76,"Siemens ADVIA Centaur","Room"
255,589,52,"DiaSorin Liaison Total","Frozen"
255,590,52,"DiaSorin Liaison Total","Room"
256,589,55,"DiaSorin Liaison Total","Frozen"
256,590,65,"DiaSorin Liaison Total","Room"
257,590,51.7,"DiaSorin Liaison Total","Room"
257,589,53.9,"DiaSorin Liaison Total","Frozen"
258,589,52,"DiaSorin Liaison Total","Frozen"
258,590,55,"DiaSorin Liaison Total","Room"
259,590,50,"DiaSorin Liaison Total","Room"
259,589,55,"DiaSorin Liaison Total","Frozen"
260,589,55.3,"Abbott Architect - New (5P02)","Frozen"
260,590,55.5,"Abbott Architect - New (5P02)","Room"
261,590,50,"DiaSorin Liaison Total","Room"
261,589,53.5,"DiaSorin Liaison Total","Frozen"
262,590,56.5,"Roche Vitamin D Total II","Room"
262,589,60.5,"Roche Vitamin D Total II","Frozen"
263,590,53,"IDS-iSYS","Room"
263,589,56.5,"IDS-iSYS","Frozen"
264,589,66,"LC-MS-MS","Frozen"
264,590,67,"LC-MS-MS","Room"
265,589,61.8,"Abbott Alinity i","Frozen"
265,590,64,"Abbott Alinity i","Room"
266,589,87,"LC-MS-MS","Frozen"
266,590,93,"LC-MS-MS","Room"
267,590,51.3,"Siemens Atellica IM","Room"
267,589,63.4,"Siemens Atellica IM","Frozen"
268,589,50.3,"Abbott Architect - New (5P02)","Frozen"
268,590,51.8,"Abbott Architect - New (5P02)","Room"
269,589,50,"DiaSorin Liaison Total","Frozen"
269,590,50,"DiaSorin Liaison Total","Room"
270,590,55.5,"HPLC","Room"
270,589,60,"HPLC","Frozen"
271,589,63.9,"HPLC","Frozen"
271,590,64.1,"HPLC","Room"
272,589,55.5,"Abbott Architect - New (5P02)","Frozen"
272,590,57.3,"Abbott Architect - New (5P02)","Room"
273,590,60.4,"Roche Total 25OHD","Room"
273,589,63.1,"Roche Total 25OHD","Frozen"
274,589,51.8,"DiaSorin Liaison Total","Frozen"
274,590,52.6,"DiaSorin Liaison Total","Room"
275,589,57.4,"LC-MS-MS","Frozen"
275,590,63,"LC-MS-MS","Room"
276,590,59.2,"LC-MS-MS","Room"
276,589,65.5,"LC-MS-MS","Frozen"
277,590,55.7,"LC-MS-MS","Room"
277,589,56.6,"LC-MS-MS","Frozen"
278,589,57.3,"Abbott Alinity i","Frozen"
278,590,59.1,"Abbott Alinity i","Room"
279,590,58.2,"DiaSorin Liaison Total","Room"
279,589,59,"DiaSorin Liaison Total","Frozen"
280,589,69.4,"Tosoh AIA","Frozen"
280,590,73.1,"Tosoh AIA","Room"
281,590,52,"Unknown","Room"
281,589,54,"Unknown","Frozen"
282,590,56.8,"LC-MS-MS","Room"
282,589,62.9,"LC-MS-MS","Frozen"
283,589,42,"DiaSorin Liaison Total","Frozen"
283,590,45,"DiaSorin Liaison Total","Room"
284,589,68.5,"Siemens ADVIA Centaur","Frozen"
284,590,69,"Siemens ADVIA Centaur","Room"
285,589,51.3,"Roche Vitamin D Total II","Frozen"
285,590,52.5,"Roche Vitamin D Total II","Room"
286,589,72.2,"LC-MS-MS","Frozen"
286,590,75,"LC-MS-MS","Room"
287,589,59,"Siemens Atellica IM","Frozen"
287,590,59,"Siemens Atellica IM","Room"
288,589,65.5,"Roche Total 25OHD","Frozen"
288,590,66.1,"Roche Total 25OHD","Room"
289,590,43.9,"HPLC","Room"
289,589,58,"HPLC","Frozen"
290,589,56.3,"Roche Total 25OHD","Frozen"
290,590,59.7,"Roche Total 25OHD","Room"
291,589,51.4,"Roche Vitamin D Total II","Frozen"
291,590,56.2,"Roche Vitamin D Total II","Room"
292,589,44.3,"Roche Vitamin D Total II","Frozen"
292,590,46,"Roche Vitamin D Total II","Room"
293,590,52,"Roche Vitamin D Total II","Room"
293,589,54,"Roche Vitamin D Total II","Frozen"
294,590,62.7,"LC-MS-MS","Room"
294,589,65.3,"LC-MS-MS","Frozen"
295,589,57.4,"Abbott Architect - New (5P02)","Frozen"
295,590,57.4,"Abbott Architect - New (5P02)","Room"
296,590,58.2,"IDS-iSYS New","Room"
296,589,59.1,"IDS-iSYS New","Frozen"
297,590,57.5,"Roche Vitamin D Total II","Room"
297,589,60,"Roche Vitamin D Total II","Frozen"
298,590,60.8,"LC-MS-MS","Room"
298,589,62.4,"LC-MS-MS","Frozen"
299,589,60.2,"Abbott Alinity i","Frozen"
299,590,62.5,"Abbott Alinity i","Room"
300,589,62,"Siemens ADVIA Centaur","Frozen"
300,590,69,"Siemens ADVIA Centaur","Room"
301,590,54.5,"Roche Total 25OHD","Room"
301,589,58.8,"Roche Total 25OHD","Frozen"
302,590,50,"Abbott Architect - New (5P02)","Room"
302,589,51,"Abbott Architect - New (5P02)","Frozen"
303,589,62.2,"IDS-iSYS","Frozen"
303,590,63.8,"IDS-iSYS","Room"
304,589,60.5,"LC-MS-MS","Frozen"
304,590,61,"LC-MS-MS","Room"
305,589,57.3,"LC-MS-MS","Frozen"
305,590,58,"LC-MS-MS","Room"
306,589,52.5,"DiaSorin Liaison Total","Frozen"
306,590,53.7,"DiaSorin Liaison Total","Room"
307,589,62.5,"LC-MS-MS","Frozen"
307,590,63.1,"LC-MS-MS","Room"
308,590,53.8,"IDS-iSYS","Room"
308,589,57.5,"IDS-iSYS","Frozen"
309,589,53.3,"DRG ELISA","Frozen"
309,590,56.3,"DRG ELISA","Room"
310,589,65,"Siemens Atellica IM","Frozen"
310,590,67.5,"Siemens Atellica IM","Room"
311,589,56,"Abbott Alinity i","Frozen"
311,590,57,"Abbott Alinity i","Room"
312,589,53.6,"DiaSorin Liaison Total","Frozen"
312,590,56.7,"DiaSorin Liaison Total","Room"
313,589,58,"Abbott Architect - New (5P02)","Frozen"
313,590,58,"Abbott Architect - New (5P02)","Room"
314,590,54.5,"Roche Vitamin D Total II","Room"
314,589,55.5,"Roche Vitamin D Total II","Frozen"
315,589,52.5,"DIAsource Total 25OHD RIA","Frozen"
315,590,57.5,"DIAsource Total 25OHD RIA","Room"
316,589,59.9,"DIAsource Total 25OHD ELISA","Frozen"
316,590,60.5,"DIAsource Total 25OHD ELISA","Room"
317,590,55,"Abbott Architect - New (5P02)","Room"
317,589,55.5,"Abbott Architect - New (5P02)","Frozen"
318,589,62.5,"LC-MS-MS","Frozen"
318,590,62.5,"LC-MS-MS","Room"
319,589,63.5,"IDS-iSYS","Frozen"
319,590,64.4,"IDS-iSYS","Room"
320,589,57,"IDS-iSYS","Frozen"
320,590,58.7,"IDS-iSYS","Room"
321,590,56.5,"Abbott Architect - New (5P02)","Room"
321,589,NA,"Abbott Architect - New (5P02)","Frozen"
322,590,55.5,"Ortho Total 25OHD","Room"
322,589,57.5,"Ortho Total 25OHD","Frozen"
323,590,71.5,"LC-MS-MS","Room"
323,589,73.9,"LC-MS-MS","Frozen"
324,590,63.6,"Roche Total 25OHD","Room"
324,589,64.4,"Roche Total 25OHD","Frozen"
325,589,58,"Abbott Architect - New (5P02)","Frozen"
325,590,59,"Abbott Architect - New (5P02)","Room"
326,589,49,"LC-MS-MS","Frozen"
326,590,58,"LC-MS-MS","Room"
327,589,73,"Siemens ADVIA Centaur","Frozen"
327,590,82,"Siemens ADVIA Centaur","Room"
328,589,54.3,"Beckman Unicel Dxi Total 25OHD","Frozen"
328,590,67.2,"Beckman Unicel Dxi Total 25OHD","Room"
329,590,58.5,"DiaSorin Liaison Total","Room"
329,589,59,"DiaSorin Liaison Total","Frozen"
330,589,49,"LC-MS-MS","Frozen"
330,590,50,"LC-MS-MS","Room"
331,589,62.5,"IDS-iSYS New","Frozen"
331,590,63.5,"IDS-iSYS New","Room"
332,589,60.5,"Abbott Architect - New (5P02)","Frozen"
332,590,61.3,"Abbott Architect - New (5P02)","Room"
333,590,59,"LC-MS-MS","Room"
333,589,60,"LC-MS-MS","Frozen"
334,589,50.1,"DiaSorin Liaison Total","Frozen"
334,590,54.6,"DiaSorin Liaison Total","Room"
335,590,61,"Abbott Alinity i","Room"
335,589,66.5,"Abbott Alinity i","Frozen"
336,590,52,"DiaSorin Liaison Total","Room"
336,589,54.5,"DiaSorin Liaison Total","Frozen"
337,590,63,"LC-MS-MS","Room"
337,589,66,"LC-MS-MS","Frozen"
338,590,55.3,"DiaSorin Liaison Total","Room"
338,589,56.8,"DiaSorin Liaison Total","Frozen"
339,589,54.9,"DiaSorin Liaison Total","Frozen"
339,590,57.7,"DiaSorin Liaison Total","Room"
340,589,55.8,"DiaSorin Liaison Total","Frozen"
340,590,59.4,"DiaSorin Liaison Total","Room"
341,589,54.1,"DiaSorin Liaison Total","Frozen"
341,590,58.8,"DiaSorin Liaison Total","Room"
342,590,57.2,"DiaSorin Liaison Total","Room"
342,589,57.9,"DiaSorin Liaison Total","Frozen"
343,590,59,"Roche Vitamin D Total II","Room"
343,589,60,"Roche Vitamin D Total II","Frozen"
344,589,61.5,"Siemens ADVIA Centaur","Frozen"
344,590,64.4,"Siemens ADVIA Centaur","Room"
345,589,54.5,"DiaSorin Liaison Total","Frozen"
345,590,55.5,"DiaSorin Liaison Total","Room"
346,589,44.3,"DiaSorin Liaison Total","Frozen"
346,590,50,"DiaSorin Liaison Total","Room"
347,590,49.8,"DiaSorin Liaison Total","Room"
347,589,50.5,"DiaSorin Liaison Total","Frozen"
348,589,59,"DiaSorin Liaison Total","Frozen"
348,590,59,"DiaSorin Liaison Total","Room"
349,590,60.2,"DiaSorin Liaison Total","Room"
349,589,61.9,"DiaSorin Liaison Total","Frozen"
350,589,52.7,"DiaSorin Liaison Total","Frozen"
350,590,57.9,"DiaSorin Liaison Total","Room"
351,589,49.5,"DiaSorin Liaison Total","Frozen"
351,590,51.5,"DiaSorin Liaison Total","Room"
352,589,50.5,"Roche Total 25OHD","Frozen"
352,590,50.8,"Roche Total 25OHD","Room"
353,590,62,"Siemens ADVIA Centaur","Room"
353,589,66,"Siemens ADVIA Centaur","Frozen"
354,589,57.3,"Abbott Alinity i","Frozen"
354,590,57.3,"Abbott Alinity i","Room"
355,590,51,"DiaSorin Liaison Total","Room"
355,589,52,"DiaSorin Liaison Total","Frozen"
356,590,50.3,"LC-MS-MS","Room"
356,589,60.1,"LC-MS-MS","Frozen"
357,590,50.6,"Ortho Total 25OHD","Room"
357,589,56.1,"Ortho Total 25OHD","Frozen"
358,589,61,"LC-MS-MS","Frozen"
358,590,61,"LC-MS-MS","Room"
359,590,54.3,"LC-MS-MS","Room"
359,589,55.7,"LC-MS-MS","Frozen"
360,589,68.2,"LC-MS-MS","Frozen"
360,590,70.8,"LC-MS-MS","Room"
361,590,63,"Roche Total 25OHD","Room"
361,589,65,"Roche Total 25OHD","Frozen"
362,589,55.3,"LC-MS-MS","Frozen"
362,590,58,"LC-MS-MS","Room"
363,589,51.2,"Bio-Rad BioPlex 2200","Frozen"
363,590,53.5,"Bio-Rad BioPlex 2200","Room"
364,590,59.3,"IDS-iSYS New","Room"
364,589,60.6,"IDS-iSYS New","Frozen"
365,590,60,"IDS-iSYS New","Room"
365,589,62.5,"IDS-iSYS New","Frozen"
366,590,58.5,"Abbott Architect - New (5P02)","Room"
366,589,61.2,"Abbott Architect - New (5P02)","Frozen"
367,589,58,"IDS-iSYS","Frozen"
367,590,63,"IDS-iSYS","Room"
368,590,52.8,"DiaSorin Liaison Total","Room"
368,589,54.5,"DiaSorin Liaison Total","Frozen"
369,590,64.4,"LC-MS-MS","Room"
369,589,64.6,"LC-MS-MS","Frozen"
370,589,55.6,"Roche Total 25OHD","Frozen"
370,590,57.6,"Roche Total 25OHD","Room"
371,589,64.2,"LC-MS-MS","Frozen"
371,590,69.1,"LC-MS-MS","Room"
372,589,52.1,"Siemens Atellica IM","Frozen"
372,590,63.3,"Siemens Atellica IM","Room"
373,590,56.9,"LC-MS-MS","Room"
373,589,58.9,"LC-MS-MS","Frozen"
374,589,54.5,"DiaSorin Liaison Total","Frozen"
374,590,54.8,"DiaSorin Liaison Total","Room"
375,589,64.5,"Beckman Unicel Dxi Total 25OHD","Frozen"
375,590,67.5,"Beckman Unicel Dxi Total 25OHD","Room"
376,590,52.9,"DiaSorin Liaison Total","Room"
376,589,53,"DiaSorin Liaison Total","Frozen"
377,590,60.9,"DiaSorin Liaison Total","Room"
377,589,64,"DiaSorin Liaison Total","Frozen"
378,590,46,"DiaSorin Liaison Total","Room"
378,589,48.5,"DiaSorin Liaison Total","Frozen"
379,590,58.8,"DiaSorin Liaison Total","Room"
379,589,59.3,"DiaSorin Liaison Total","Frozen"
380,590,54,"Beckman Unicel Dxi Total 25OHD","Room"
380,589,54.9,"Beckman Unicel Dxi Total 25OHD","Frozen"
381,590,50,"Beckman Unicel Dxi Total 25OHD","Room"
381,589,52,"Beckman Unicel Dxi Total 25OHD","Frozen"
382,589,54,"Beckman Unicel Dxi Total 25OHD","Frozen"
382,590,59,"Beckman Unicel Dxi Total 25OHD","Room"
383,589,67,"Roche Vitamin D Total II","Frozen"
383,590,69,"Roche Vitamin D Total II","Room"
384,589,57.1,"Diazyme 25OH VitD Chemistry Analyzers","Frozen"
384,590,59.1,"Diazyme 25OH VitD Chemistry Analyzers","Room"
385,589,60,"Roche Vitamin D Total II","Frozen"
385,590,63,"Roche Vitamin D Total II","Room"
386,590,59.1,"LC-MS-MS","Room"
386,589,60.2,"LC-MS-MS","Frozen"
387,589,54.9,"Roche Vitamin D Total II","Frozen"
387,590,58.8,"Roche Vitamin D Total II","Room"
388,590,59,"Abbott Architect - New (5P02)","Room"
388,589,61,"Abbott Architect - New (5P02)","Frozen"
389,589,72.5,"Beckman Unicel Dxi Total 25OHD","Frozen"
389,590,75,"Beckman Unicel Dxi Total 25OHD","Room"
390,590,63,"LC-MS-MS","Room"
390,589,66,"LC-MS-MS","Frozen"
391,590,71,"Roche Total 25OHD","Room"
391,589,72,"Roche Total 25OHD","Frozen"
392,589,63,"LC-MS-MS","Frozen"
392,590,66,"LC-MS-MS","Room"
393,590,61,"DiaSorin Liaison Total","Room"
393,589,82,"DiaSorin Liaison Total","Frozen"
394,589,54,"DiaSorin Liaison Total","Frozen"
394,590,58.1,"DiaSorin Liaison Total","Room"
395,590,58.1,"LC-MS-MS","Room"
395,589,63.1,"LC-MS-MS","Frozen"
396,589,48,"DiaSorin Liaison Total","Frozen"
396,590,51,"DiaSorin Liaison Total","Room"
397,590,60.1,"LC-MS-MS","Room"
397,589,73.7,"LC-MS-MS","Frozen"
398,589,61.5,"Abbott Alinity i","Frozen"
398,590,61.6,"Abbott Alinity i","Room"
399,589,49,"Siemens Atellica IM","Frozen"
399,590,57.2,"Siemens Atellica IM","Room"
400,590,56.3,"IDS-iSYS","Room"
400,589,57,"IDS-iSYS","Frozen"
401,589,54.8,"LC-MS-MS","Frozen"
401,590,58.3,"LC-MS-MS","Room"
402,590,44,"DiaSorin Liaison Total","Room"
402,589,47,"DiaSorin Liaison Total","Frozen"
403,589,67.3,"Roche Total 25OHD","Frozen"
403,590,69,"Roche Total 25OHD","Room"
404,589,61.3,"Roche Total 25OHD","Frozen"
404,590,81,"Roche Total 25OHD","Room"
405,589,71.8,"Roche Total 25OHD","Frozen"
405,590,73.5,"Roche Total 25OHD","Room"
406,590,49.3,"DiaSorin Liaison Total","Room"
406,589,50.5,"DiaSorin Liaison Total","Frozen"
407,589,60.4,"DiaSorin Liaison Total","Frozen"
407,590,65.2,"DiaSorin Liaison Total","Room"
408,590,56.8,"DiaSorin Liaison Total","Room"
408,589,58,"DiaSorin Liaison Total","Frozen"
409,589,52.8,"DiaSorin Liaison Total","Frozen"
409,590,53,"DiaSorin Liaison Total","Room"
410,589,53.8,"DiaSorin Liaison Total","Frozen"
410,590,54.5,"DiaSorin Liaison Total","Room"
411,590,54.3,"Abbott Architect - New (5P02)","Room"
411,589,58,"Abbott Architect - New (5P02)","Frozen"
412,589,54.3,"Glenbio 25OH Vitamin D","Frozen"
412,590,54.5,"Glenbio 25OH Vitamin D","Room"
413,589,53.8,"DiaSorin Liaison Total","Frozen"
413,590,55.3,"DiaSorin Liaison Total","Room"
414,589,59.9,"IDS-iSYS New","Frozen"
414,590,62.7,"IDS-iSYS New","Room"
415,589,58,"LC-MS-MS","Frozen"
415,590,58,"LC-MS-MS","Room"
416,589,61.5,"bioMerieux 25OH Vitamin D Total","Frozen"
416,590,63.3,"bioMerieux 25OH Vitamin D Total","Room"
417,589,51.9,"DRG Hybrid-XL","Frozen"
417,590,52.1,"DRG Hybrid-XL","Room"
418,590,60.3,"Roche Total 25OHD","Room"
419,590,58.2,"Abbott Architect - New (5P02)","Room"
419,589,60.1,"Abbott Architect - New (5P02)","Frozen"
420,589,56.6,"LC-MS-MS","Frozen"
420,590,58.3,"LC-MS-MS","Room"
421,589,36.3,"Roche Vitamin D Total II","Frozen"
421,590,51.3,"Roche Vitamin D Total II","Room"
422,589,64,"IDS-iSYS New","Frozen"
422,590,64.8,"IDS-iSYS New","Room"
423,590,53,"Roche Total 25OHD","Room"
423,589,55,"Roche Total 25OHD","Frozen"
424,590,50.3,"LC-MS-MS","Room"
424,589,52.8,"LC-MS-MS","Frozen"
425,589,52.3,"LC-MS-MS","Frozen"
425,590,52.8,"LC-MS-MS","Room"
426,589,50,"Siemens ADVIA Centaur","Frozen"
426,590,60,"Siemens ADVIA Centaur","Room"
427,589,57.9,"Siemens ADVIA Centaur","Frozen"
427,590,66.6,"Siemens ADVIA Centaur","Room"
428,589,56,"IDS-iSYS New","Frozen"
428,590,61,"IDS-iSYS New","Room"
429,590,64.5,"DiaSorin Liaison Total","Room"
429,589,68.5,"DiaSorin Liaison Total","Frozen"
430,589,52.8,"DiaSorin Liaison Total","Frozen"
430,590,55.3,"DiaSorin Liaison Total","Room"
431,590,50.5,"DiaSorin Liaison Total","Room"
431,589,51,"DiaSorin Liaison Total","Frozen"
432,589,56.8,"DiaSorin Liaison Total","Frozen"
432,590,59,"DiaSorin Liaison Total","Room"
433,590,56.5,"Abbott Architect - New (5P02)","Room"
433,589,58.7,"Abbott Architect - New (5P02)","Frozen"
434,590,56.6,"LC-MS-MS","Room"
434,589,58,"LC-MS-MS","Frozen"
435,589,42.5,"Beckman Unicel Dxi Total 25OHD","Frozen"
435,590,45,"Beckman Unicel Dxi Total 25OHD","Room"
436,590,50.8,"Roche Vitamin D Total II","Room"
436,589,53.5,"Roche Vitamin D Total II","Frozen"
437,589,52,"DiaSorin Liaison Total","Frozen"
437,590,54,"DiaSorin Liaison Total","Room"
438,590,33.5,"LC-MS-MS","Room"
438,589,NA,"LC-MS-MS","Frozen"
439,589,47.4,"Siemens ADVIA Centaur","Frozen"
439,590,54.2,"Siemens ADVIA Centaur","Room"
440,590,57.5,"Roche Vitamin D Total II","Room"
440,589,59,"Roche Vitamin D Total II","Frozen"
441,590,39.3,"HPLC","Room"
441,589,48,"HPLC","Frozen"
442,589,63.7,"IDS-iSYS","Frozen"
442,590,64.1,"IDS-iSYS","Room"
443,590,66.8,"LC-MS-MS","Room"
443,589,71.2,"LC-MS-MS","Frozen"
444,589,56.8,"Roche Total 25OHD","Frozen"
444,590,57.5,"Roche Total 25OHD","Room"
445,590,24.5,"LC-MS-MS","Room"
445,589,25.9,"LC-MS-MS","Frozen"
446,590,64.4,"Roche Total 25OHD","Room"
446,589,65.9,"Roche Total 25OHD","Frozen"
447,589,58.7,"LC-MS-MS","Frozen"
447,590,63.7,"LC-MS-MS","Room"
448,589,62,"LC-MS-MS","Frozen"
448,590,63.9,"LC-MS-MS","Room"
449,589,55.7,"LC-MS-MS","Frozen"
449,590,56.4,"LC-MS-MS","Room"
450,590,58.7,"Roche Vitamin D Total II","Room"
450,589,61.8,"Roche Vitamin D Total II","Frozen"
451,589,46,"Siemens ADVIA Centaur","Frozen"
451,590,54,"Siemens ADVIA Centaur","Room"
452,589,56,"Siemens ADVIA Centaur","Frozen"
452,590,77,"Siemens ADVIA Centaur","Room"
453,589,65,"Roche Vitamin D Total II","Frozen"
453,590,65,"Roche Vitamin D Total II","Room"
454,590,64.8,"HPLC","Room"
454,589,65.5,"HPLC","Frozen"
455,590,69,"LC-MS-MS","Room"
455,589,72,"LC-MS-MS","Frozen"
456,590,64,"LC-MS-MS","Room"
456,589,67.3,"LC-MS-MS","Frozen"
457,590,49,"Beckman Unicel Dxi Total 25OHD","Room"
457,589,52,"Beckman Unicel Dxi Total 25OHD","Frozen"
458,589,39,"Beckman Unicel Dxi Total 25OHD","Frozen"
458,590,47,"Beckman Unicel Dxi Total 25OHD","Room"
459,589,42.7,"Beckman Unicel Dxi Total 25OHD","Frozen"
459,590,49.2,"Beckman Unicel Dxi Total 25OHD","Room"
460,589,58.3,"Abbott Architect - New (5P02)","Frozen"
460,590,59.5,"Abbott Architect - New (5P02)","Room"
461,590,57.3,"DiaSorin Liaison Total","Room"
461,589,57.6,"DiaSorin Liaison Total","Frozen"
462,589,54.4,"DiaSorin Liaison Total","Frozen"
462,590,58.6,"DiaSorin Liaison Total","Room"
463,589,50.3,"Beckman Unicel Dxi Total 25OHD","Frozen"
463,590,54.4,"Beckman Unicel Dxi Total 25OHD","Room"
464,589,55,"DiaSorin Liaison Total","Frozen"
464,590,60.5,"DiaSorin Liaison Total","Room"
465,589,66.7,"Abbott Alinity i","Frozen"
465,590,70,"Abbott Alinity i","Room"
466,589,48.2,"LC-MS-MS","Frozen"
466,590,48.4,"LC-MS-MS","Room"
467,590,56,"Roche Vitamin D Total II","Room"
467,589,58,"Roche Vitamin D Total II","Frozen"
468,590,70.9,"Unknown","Room"
468,589,71.8,"Unknown","Frozen"
469,589,57,"Roche Vitamin D Total II","Frozen"
469,590,57,"Roche Vitamin D Total II","Room"
470,590,57,"Abbott Alinity i","Room"
470,589,59.3,"Abbott Alinity i","Frozen"
471,589,66.1,"Affimedix Rapi-D 25OHDTest","Frozen"
471,590,69.6,"Affimedix Rapi-D 25OHDTest","Room"
472,589,57.8,"LC-MS-MS","Frozen"
472,590,59.8,"LC-MS-MS","Room"
473,590,49,"Unknown","Room"
473,589,51,"Unknown","Frozen"
474,589,70.8,"Affimedix Micro-D Sandwich ELISA","Frozen"
474,590,74.9,"Affimedix Micro-D Sandwich ELISA","Room"
475,589,70.2,"LumiQuick Rapid Vitamin D","Frozen"
475,590,74.5,"LumiQuick Rapid Vitamin D","Room"
476,589,56.2,"DiaSorin Liaison Total","Frozen"
476,590,85.4,"DiaSorin Liaison Total","Room"
477,589,55.3,"DiaSorin Liaison Total","Frozen"
477,590,57.3,"DiaSorin Liaison Total","Room"
478,589,55.5,"DiaSorin Liaison Total","Frozen"
478,590,57,"DiaSorin Liaison Total","Room"
479,590,54,"Roche Vitamin D Total II","Room"
479,589,55,"Roche Vitamin D Total II","Frozen"
480,590,56.3,"Abbott Architect - New (5P02)","Room"
480,589,59.3,"Abbott Architect - New (5P02)","Frozen"
481,590,58.8,"Abbott Architect - Old (3L52)","Room"
481,589,63,"Abbott Architect - Old (3L52)","Frozen"
482,590,65.5,"Roche Total 25OHD","Room"
482,589,66.5,"Roche Total 25OHD","Frozen"
483,589,70.9,"Affimedix CHEMI-D Sandwich CLIA","Frozen"
483,590,75.8,"Affimedix CHEMI-D Sandwich CLIA","Room"
484,590,53.8,"Abbott Architect - New (5P02)","Room"
484,589,56.8,"Abbott Architect - New (5P02)","Frozen"
485,589,65.4,"LumiQuick ELISA Vitamin D","Frozen"
485,590,68.8,"LumiQuick ELISA Vitamin D","Room"
486,590,56.4,"LC-MS-MS","Room"
486,589,63.4,"LC-MS-MS","Frozen"
487,589,97.5,"LC-MS-MS","Frozen"
487,590,100,"LC-MS-MS","Room"
488,589,47,"Beckman Unicel Dxi Total 25OHD","Frozen"
488,590,48,"Beckman Unicel Dxi Total 25OHD","Room"
489,590,52,"DiaSorin Liaison Total","Room"
489,589,53,"DiaSorin Liaison Total","Frozen"
490,590,51,"Roche Vitamin D Total II","Room"
490,589,54,"Roche Vitamin D Total II","Frozen"
491,590,60,"Abbott Architect - New (5P02)","Room"
491,589,61,"Abbott Architect - New (5P02)","Frozen"
492,589,60.5,"Siemens ADVIA Centaur","Frozen"
492,590,62.8,"Siemens ADVIA Centaur","Room"
493,589,57.3,"Abbott Alinity i","Frozen"
493,590,58.5,"Abbott Alinity i","Room"
494,589,57.4,"LC-MS-MS","Frozen"
494,590,59,"LC-MS-MS","Room"
495,590,56.7,"Roche Vitamin D Total II","Room"
495,589,56.8,"Roche Vitamin D Total II","Frozen"
496,589,59.4,"LC-MS-MS","Frozen"
496,590,59.5,"LC-MS-MS","Room"
497,590,60.2,"HPLC","Room"
497,589,63.6,"HPLC","Frozen"
498,589,57,"LC-MS-MS","Frozen"
498,590,59,"LC-MS-MS","Room"
499,590,58,"Roche Vitamin D Total II","Room"
499,589,59,"Roche Vitamin D Total II","Frozen"
500,589,67.5,"LC-MS-MS","Frozen"
500,590,69.1,"LC-MS-MS","Room"
501,590,65.9,"Roche Vitamin D Total II","Room"
501,589,67.4,"Roche Vitamin D Total II","Frozen"
502,590,60.8,"LC-MS-MS","Room"
502,589,65.8,"LC-MS-MS","Frozen"
503,589,61.8,"LC-MS-MS","Frozen"
503,590,62.8,"LC-MS-MS","Room"
504,589,69.3,"LC-MS-MS","Frozen"
504,590,70.2,"LC-MS-MS","Room"
505,590,63.2,"Roche Total 25OHD","Room"
505,589,63.5,"Roche Total 25OHD","Frozen"
506,589,50.8,"Roche Total 25OHD","Frozen"
506,590,52,"Roche Total 25OHD","Room"
507,589,53.3,"Roche Total 25OHD","Frozen"
507,590,54.5,"Roche Total 25OHD","Room"
508,589,58.4,"LC-MS-MS","Frozen"
508,590,63,"LC-MS-MS","Room"
509,589,70,"LC-MS-MS","Frozen"
509,590,70,"LC-MS-MS","Room"
510,590,53.5,"DiaSorin Liaison Total","Room"
510,589,54.3,"DiaSorin Liaison Total","Frozen"
511,590,60.2,"DiaSorin Liaison Total","Room"
511,589,60.9,"DiaSorin Liaison Total","Frozen"
512,589,56.2,"DiaSorin Liaison Total","Frozen"
512,590,60,"DiaSorin Liaison Total","Room"
513,590,52.3,"DiaSorin Liaison Total","Room"
513,589,53.5,"DiaSorin Liaison Total","Frozen"
514,589,21.3,"DiaSorin Liaison Total","Frozen"
514,590,21.3,"DiaSorin Liaison Total","Room"
515,589,47.2,"DiaSorin Liaison Total","Frozen"
515,590,49.4,"DiaSorin Liaison Total","Room"
516,590,54.5,"DiaSorin Liaison Total","Room"
516,589,62,"DiaSorin Liaison Total","Frozen"
517,590,53.5,"DiaSorin Liaison Total","Room"
517,589,54.8,"DiaSorin Liaison Total","Frozen"
518,589,66.7,"IDS EIA","Frozen"
518,590,68.6,"IDS EIA","Room"
519,590,59,"Beckman Unicel Dxi Total 25OHD","Room"
519,589,61,"Beckman Unicel Dxi Total 25OHD","Frozen"
520,589,59,"LC-MS-MS","Frozen"
520,590,60,"LC-MS-MS","Room"
521,589,56.3,"Roche Vitamin D Total II","Frozen"
521,590,59.1,"Roche Vitamin D Total II","Room"
522,589,56.1,"LC-MS-MS","Frozen"
522,590,58.8,"LC-MS-MS","Room"
523,589,64,"Abbott Alinity i","Frozen"
523,590,64,"Abbott Alinity i","Room"
524,590,62.1,"LC-MS-MS","Room"
524,589,65,"LC-MS-MS","Frozen"
525,589,58,"Roche Vitamin D Total II","Frozen"
525,590,58,"Roche Vitamin D Total II","Room"
526,590,57,"DiaSorin Liaison Total","Room"
526,589,59,"DiaSorin Liaison Total","Frozen"
527,589,58.8,"LC-MS-MS","Frozen"
527,590,58.8,"LC-MS-MS","Room"
528,589,56.5,"LC-MS-MS","Frozen"
528,590,57.2,"LC-MS-MS","Room"
529,590,56,"Roche Vitamin D Total II","Room"
529,589,58,"Roche Vitamin D Total II","Frozen"
530,590,62.5,"IDS-iSYS New","Room"
530,589,65,"IDS-iSYS New","Frozen"
531,589,51,"Siemens Atellica IM","Frozen"
531,590,61,"Siemens Atellica IM","Room"
532,590,30.7,"Ortho Total 25OHD","Room"
532,589,56.1,"Ortho Total 25OHD","Frozen"
533,589,49.7,"Roche Vitamin D Total II","Frozen"
533,590,54.2,"Roche Vitamin D Total II","Room"
534,590,65,"Roche Total 25OHD","Room"
534,589,69,"Roche Total 25OHD","Frozen"
535,590,61.5,"IDS-iSYS","Room"
535,589,63.8,"IDS-iSYS","Frozen"
536,589,50.8,"Abbott Alinity i","Frozen"
536,590,57,"Abbott Alinity i","Room"
537,589,49,"DiaSorin Liaison Total","Frozen"
537,590,51,"DiaSorin Liaison Total","Room"
538,589,50.5,"DiaSorin Liaison Total","Frozen"
538,590,53.5,"DiaSorin Liaison Total","Room"
539,590,55.5,"DiaSorin Liaison Total","Room"
539,589,56,"DiaSorin Liaison Total","Frozen"
540,589,51.3,"DiaSorin Liaison Total","Frozen"
540,590,51.5,"DiaSorin Liaison Total","Room"
541,589,55.1,"DiaSorin Liaison Total","Frozen"
541,590,56,"DiaSorin Liaison Total","Room"
542,589,56.8,"DiaSorin Liaison Total","Frozen"
542,590,57.3,"DiaSorin Liaison Total","Room"
543,590,53.6,"DiaSorin Liaison Total","Room"
543,589,53.8,"DiaSorin Liaison Total","Frozen"
544,589,54,"DiaSorin Liaison Total","Frozen"
544,590,54.5,"DiaSorin Liaison Total","Room"
545,590,55.1,"DiaSorin Liaison Total","Room"
545,589,55.5,"DiaSorin Liaison Total","Frozen"
546,589,53.3,"DiaSorin Liaison Total","Frozen"
546,590,54,"DiaSorin Liaison Total","Room"
547,589,52,"DiaSorin Liaison Total","Frozen"
547,590,52.3,"DiaSorin Liaison Total","Room"
548,590,66,"Roche Vitamin D Total II","Room"
548,589,68,"Roche Vitamin D Total II","Frozen"
549,589,50.3,"Roche Vitamin D Total II","Frozen"
549,590,52.5,"Roche Vitamin D Total II","Room"
550,589,19.5,"Roche Vitamin D Total II","Frozen"
550,590,19.6,"Roche Vitamin D Total II","Room"
551,589,57,"Roche Vitamin D Total II","Frozen"
551,590,59.5,"Roche Vitamin D Total II","Room"
552,589,55.9,"IDS EIA","Frozen"
552,590,56.8,"IDS EIA","Room"
553,589,63,"Roche Vitamin D Total II","Frozen"
553,590,68,"Roche Vitamin D Total II","Room"
554,589,65.4,"LC-MS-MS","Frozen"
554,590,65.5,"LC-MS-MS","Room"
555,589,61.8,"LC-MS-MS","Frozen"
555,590,63,"LC-MS-MS","Room"
556,589,48.2,"DIAsource Total 25OHD RIA","Frozen"
556,590,49.5,"DIAsource Total 25OHD RIA","Room"
557,589,62.1,"Abbott Alinity i","Frozen"
557,590,63.1,"Abbott Alinity i","Room"
558,589,65,"LC-MS-MS","Frozen"
558,590,68,"LC-MS-MS","Room"
559,589,52,"DiaSorin Liaison Total","Frozen"
559,590,57,"DiaSorin Liaison Total","Room"
560,589,62,"LC-MS-MS","Frozen"
560,590,63,"LC-MS-MS","Room"
