"lab","sample","concentration","temperature","method","method_type"
"1","1",38.5,"Frozen","Abbott Architect","IA"
"1","1",37,"Frozen","Abbott Architect","IA"
"1","2",68.5,"Frozen","Abbott Architect","IA"
"1","2",71.8,"Frozen","Abbott Architect","IA"
"1","3",84.5,"Frozen","Abbott Architect","IA"
"1","3",87,"Frozen","Abbott Architect","IA"
"1","4",76.8,"Frozen","Abbott Architect","IA"
"1","4",79,"Frozen","Abbott Architect","IA"
"1","5",29.8,"Frozen","Abbott Architect","IA"
"1","5",29,"Frozen","Abbott Architect","IA"
"1","6",110,"Frozen","Abbott Architect","IA"
"1","6",107,"Frozen","Abbott Architect","IA"
"1","7",79.3,"Frozen","Abbott Architect","IA"
"1","7",79,"Frozen","Abbott Architect","IA"
"1","8",42.5,"Frozen","Abbott Architect","IA"
"1","8",44.3,"Frozen","Abbott Architect","IA"
"1","9",81.3,"Frozen","Abbott Architect","IA"
"1","9",81.5,"Frozen","Abbott Architect","IA"
"2","1",45.3,"Frozen","DIAsource Total 25OHD ELISA","IA"
"2","1",29.3,"Frozen","DIAsource Total 25OHD ELISA","IA"
"2","2",105,"Frozen","DIAsource Total 25OHD ELISA","IA"
"2","2",77.8,"Frozen","DIAsource Total 25OHD ELISA","IA"
"2","3",145,"Frozen","DIAsource Total 25OHD ELISA","IA"
"2","3",128,"Frozen","DIAsource Total 25OHD ELISA","IA"
"2","4",105,"Frozen","DIAsource Total 25OHD ELISA","IA"
"2","4",85.8,"Frozen","DIAsource Total 25OHD ELISA","IA"
"2","5",58,"Frozen","DIAsource Total 25OHD ELISA","IA"
"2","5",54.5,"Frozen","DIAsource Total 25OHD ELISA","IA"
"2","6",119,"Frozen","DIAsource Total 25OHD ELISA","IA"
"2","6",116,"Frozen","DIAsource Total 25OHD ELISA","IA"
"2","7",113,"Frozen","DIAsource Total 25OHD ELISA","IA"
"2","7",115,"Frozen","DIAsource Total 25OHD ELISA","IA"
"2","8",42.5,"Frozen","DIAsource Total 25OHD ELISA","IA"
"2","8",47,"Frozen","DIAsource Total 25OHD ELISA","IA"
"2","9",95,"Frozen","DIAsource Total 25OHD ELISA","IA"
"2","9",101,"Frozen","DIAsource Total 25OHD ELISA","IA"
"3","1",32.75,"Frozen","bioMerieux 25OH Vitamin D Total","IA"
"3","1",34,"Frozen","bioMerieux 25OH Vitamin D Total","IA"
"3","2",80.5,"Frozen","bioMerieux 25OH Vitamin D Total","IA"
"3","2",79.25,"Frozen","bioMerieux 25OH Vitamin D Total","IA"
"3","3",93.25,"Frozen","bioMerieux 25OH Vitamin D Total","IA"
"3","3",95.25,"Frozen","bioMerieux 25OH Vitamin D Total","IA"
"3","4",88.5,"Frozen","bioMerieux 25OH Vitamin D Total","IA"
"3","4",85.5,"Frozen","bioMerieux 25OH Vitamin D Total","IA"
"3","5",28.5,"Frozen","bioMerieux 25OH Vitamin D Total","IA"
"3","5",29.5,"Frozen","bioMerieux 25OH Vitamin D Total","IA"
"3","6",111.75,"Frozen","bioMerieux 25OH Vitamin D Total","IA"
"3","6",115.75,"Frozen","bioMerieux 25OH Vitamin D Total","IA"
"3","7",75.5,"Frozen","bioMerieux 25OH Vitamin D Total","IA"
"3","7",81.25,"Frozen","bioMerieux 25OH Vitamin D Total","IA"
"3","8",37.5,"Frozen","bioMerieux 25OH Vitamin D Total","IA"
"3","8",38.75,"Frozen","bioMerieux 25OH Vitamin D Total","IA"
"3","9",95.5,"Frozen","bioMerieux 25OH Vitamin D Total","IA"
"3","9",91.5,"Frozen","bioMerieux 25OH Vitamin D Total","IA"
"4","1",38.28,"Frozen","Bio-Rad BioPlex 2200","IA"
"4","1",42.86,"Frozen","Bio-Rad BioPlex 2200","IA"
"4","2",67.23,"Frozen","Bio-Rad BioPlex 2200","IA"
"4","2",64.38,"Frozen","Bio-Rad BioPlex 2200","IA"
"4","3",74.8,"Frozen","Bio-Rad BioPlex 2200","IA"
"4","3",77.08,"Frozen","Bio-Rad BioPlex 2200","IA"
"4","4",75.1,"Frozen","Bio-Rad BioPlex 2200","IA"
"4","4",74.45,"Frozen","Bio-Rad BioPlex 2200","IA"
"4","5",31,"Frozen","Bio-Rad BioPlex 2200","IA"
"4","5",33.52,"Frozen","Bio-Rad BioPlex 2200","IA"
"4","6",97.68,"Frozen","Bio-Rad BioPlex 2200","IA"
"4","6",94.4,"Frozen","Bio-Rad BioPlex 2200","IA"
"4","7",67.23,"Frozen","Bio-Rad BioPlex 2200","IA"
"4","7",67.47,"Frozen","Bio-Rad BioPlex 2200","IA"
"4","8",46.58,"Frozen","Bio-Rad BioPlex 2200","IA"
"4","8",48.05,"Frozen","Bio-Rad BioPlex 2200","IA"
"4","9",98.29,"Frozen","Bio-Rad BioPlex 2200","IA"
"4","9",96.98,"Frozen","Bio-Rad BioPlex 2200","IA"
"5","1",83.39,"Frozen","SNIBE","IA"
"5","1",50.15,"Frozen","SNIBE","IA"
"5","2",79.51,"Frozen","SNIBE","IA"
"5","2",97.04,"Frozen","SNIBE","IA"
"5","3",105.2,"Frozen","SNIBE","IA"
"5","3",104,"Frozen","SNIBE","IA"
"5","4",98.86,"Frozen","SNIBE","IA"
"5","4",110.07,"Frozen","SNIBE","IA"
"5","5",35.99,"Frozen","SNIBE","IA"
"5","5",40.17,"Frozen","SNIBE","IA"
"5","6",122.68,"Frozen","SNIBE","IA"
"5","6",105.29,"Frozen","SNIBE","IA"
"5","7",85.72,"Frozen","SNIBE","IA"
"5","7",86.29,"Frozen","SNIBE","IA"
"5","8",87.41,"Frozen","SNIBE","IA"
"5","8",64.59,"Frozen","SNIBE","IA"
"5","9",96.47,"Frozen","SNIBE","IA"
"5","9",90.25,"Frozen","SNIBE","IA"
"6","1",45.5,"Frozen","LC-MS-MS","LC-MS-MS"
"6","1",46.07,"Frozen","LC-MS-MS","LC-MS-MS"
"6","2",74.97,"Frozen","LC-MS-MS","LC-MS-MS"
"6","2",72.6,"Frozen","LC-MS-MS","LC-MS-MS"
"6","3",94.73,"Frozen","LC-MS-MS","LC-MS-MS"
"6","3",89.66,"Frozen","LC-MS-MS","LC-MS-MS"
"6","4",98.02,"Frozen","LC-MS-MS","LC-MS-MS"
"6","4",83.9,"Frozen","LC-MS-MS","LC-MS-MS"
"6","5",38,"Frozen","LC-MS-MS","LC-MS-MS"
"6","5",38.17,"Frozen","LC-MS-MS","LC-MS-MS"
"6","6",119,"Frozen","LC-MS-MS","LC-MS-MS"
"6","6",112.18,"Frozen","LC-MS-MS","LC-MS-MS"
"6","7",87.36,"Frozen","LC-MS-MS","LC-MS-MS"
"6","7",81.89,"Frozen","LC-MS-MS","LC-MS-MS"
"6","8",53.55,"Frozen","LC-MS-MS","LC-MS-MS"
"6","8",52.62,"Frozen","LC-MS-MS","LC-MS-MS"
"6","9",126.5,"Frozen","LC-MS-MS","LC-MS-MS"
"6","9",121.2,"Frozen","LC-MS-MS","LC-MS-MS"
"7","1",43.56,"Frozen","LC-MS-MS","LC-MS-MS"
"7","1",40.9,"Frozen","LC-MS-MS","LC-MS-MS"
"7","2",73.3,"Frozen","LC-MS-MS","LC-MS-MS"
"7","2",72.8,"Frozen","LC-MS-MS","LC-MS-MS"
"7","3",91.22,"Frozen","LC-MS-MS","LC-MS-MS"
"7","3",82.73,"Frozen","LC-MS-MS","LC-MS-MS"
"7","4",85.32,"Frozen","LC-MS-MS","LC-MS-MS"
"7","4",82.69,"Frozen","LC-MS-MS","LC-MS-MS"
"7","5",34.39,"Frozen","LC-MS-MS","LC-MS-MS"
"7","5",33.1,"Frozen","LC-MS-MS","LC-MS-MS"
"7","6",114.78,"Frozen","LC-MS-MS","LC-MS-MS"
"7","6",113.7,"Frozen","LC-MS-MS","LC-MS-MS"
"7","7",83.77,"Frozen","LC-MS-MS","LC-MS-MS"
"7","7",78.63,"Frozen","LC-MS-MS","LC-MS-MS"
"7","8",48.37,"Frozen","LC-MS-MS","LC-MS-MS"
"7","8",46.4,"Frozen","LC-MS-MS","LC-MS-MS"
"7","9",118.24,"Frozen","LC-MS-MS","LC-MS-MS"
"7","9",113,"Frozen","LC-MS-MS","LC-MS-MS"
"9","1",32.5,"Frozen","DiaSorin Liaison Total","IA"
"9","1",34.75,"Frozen","DiaSorin Liaison Total","IA"
"9","2",61.25,"Frozen","DiaSorin Liaison Total","IA"
"9","2",70.5,"Frozen","DiaSorin Liaison Total","IA"
"9","3",79.25,"Frozen","DiaSorin Liaison Total","IA"
"9","3",85,"Frozen","DiaSorin Liaison Total","IA"
"9","4",70.5,"Frozen","DiaSorin Liaison Total","IA"
"9","4",75,"Frozen","DiaSorin Liaison Total","IA"
"9","5",27.75,"Frozen","DiaSorin Liaison Total","IA"
"9","5",28.75,"Frozen","DiaSorin Liaison Total","IA"
"9","6",87,"Frozen","DiaSorin Liaison Total","IA"
"9","6",87.5,"Frozen","DiaSorin Liaison Total","IA"
"9","7",65.75,"Frozen","DiaSorin Liaison Total","IA"
"9","7",66.5,"Frozen","DiaSorin Liaison Total","IA"
"9","8",39.25,"Frozen","DiaSorin Liaison Total","IA"
"9","8",38,"Frozen","DiaSorin Liaison Total","IA"
"9","9",93.25,"Frozen","DiaSorin Liaison Total","IA"
"9","9",90.75,"Frozen","DiaSorin Liaison Total","IA"
"11","1",43.92,"Frozen","LC-MS-MS","LC-MS-MS"
"11","1",33.13,"Frozen","LC-MS-MS","LC-MS-MS"
"11","2",66.6,"Frozen","LC-MS-MS","LC-MS-MS"
"11","2",67.09,"Frozen","LC-MS-MS","LC-MS-MS"
"11","3",77.66,"Frozen","LC-MS-MS","LC-MS-MS"
"11","3",72.75,"Frozen","LC-MS-MS","LC-MS-MS"
"11","4",77.44,"Frozen","LC-MS-MS","LC-MS-MS"
"11","4",74.21,"Frozen","LC-MS-MS","LC-MS-MS"
"11","5",30.3,"Frozen","LC-MS-MS","LC-MS-MS"
"11","5",32.2,"Frozen","LC-MS-MS","LC-MS-MS"
"11","6",103.29,"Frozen","LC-MS-MS","LC-MS-MS"
"11","6",99.12,"Frozen","LC-MS-MS","LC-MS-MS"
"11","7",75.03,"Frozen","LC-MS-MS","LC-MS-MS"
"11","7",72.39,"Frozen","LC-MS-MS","LC-MS-MS"
"11","8",46.12,"Frozen","LC-MS-MS","LC-MS-MS"
"11","8",42.12,"Frozen","LC-MS-MS","LC-MS-MS"
"11","9",101.28,"Frozen","LC-MS-MS","LC-MS-MS"
"11","9",96.27,"Frozen","LC-MS-MS","LC-MS-MS"
"12","1",37.19,"Frozen","LC-MS-MS","LC-MS-MS"
"12","1",38.81,"Frozen","LC-MS-MS","LC-MS-MS"
"12","2",67.7,"Frozen","LC-MS-MS","LC-MS-MS"
"12","2",64.51,"Frozen","LC-MS-MS","LC-MS-MS"
"12","3",79.49,"Frozen","LC-MS-MS","LC-MS-MS"
"12","3",77.54,"Frozen","LC-MS-MS","LC-MS-MS"
"12","4",73.8,"Frozen","LC-MS-MS","LC-MS-MS"
"12","4",76.51,"Frozen","LC-MS-MS","LC-MS-MS"
"12","5",32.97,"Frozen","LC-MS-MS","LC-MS-MS"
"12","5",32.05,"Frozen","LC-MS-MS","LC-MS-MS"
"12","6",104.9,"Frozen","LC-MS-MS","LC-MS-MS"
"12","6",101.18,"Frozen","LC-MS-MS","LC-MS-MS"
"12","7",74.49,"Frozen","LC-MS-MS","LC-MS-MS"
"12","7",75.33,"Frozen","LC-MS-MS","LC-MS-MS"
"12","8",48.39,"Frozen","LC-MS-MS","LC-MS-MS"
"12","8",46.73,"Frozen","LC-MS-MS","LC-MS-MS"
"12","9",109.61,"Frozen","LC-MS-MS","LC-MS-MS"
"12","9",109.44,"Frozen","LC-MS-MS","LC-MS-MS"
"16","1",41.08,"Frozen","LC-MS-MS","LC-MS-MS"
"16","1",38.94,"Frozen","LC-MS-MS","LC-MS-MS"
"16","2",61.03,"Frozen","LC-MS-MS","LC-MS-MS"
"16","2",58.06,"Frozen","LC-MS-MS","LC-MS-MS"
"16","3",72.13,"Frozen","LC-MS-MS","LC-MS-MS"
"16","3",72.43,"Frozen","LC-MS-MS","LC-MS-MS"
"16","4",73.01,"Frozen","LC-MS-MS","LC-MS-MS"
"16","4",73.63,"Frozen","LC-MS-MS","LC-MS-MS"
"16","5",31.97,"Frozen","LC-MS-MS","LC-MS-MS"
"16","5",31.1,"Frozen","LC-MS-MS","LC-MS-MS"
"16","6",103.51,"Frozen","LC-MS-MS","LC-MS-MS"
"16","6",97.22,"Frozen","LC-MS-MS","LC-MS-MS"
"16","7",73.91,"Frozen","LC-MS-MS","LC-MS-MS"
"16","7",72.66,"Frozen","LC-MS-MS","LC-MS-MS"
"16","8",43.06,"Frozen","LC-MS-MS","LC-MS-MS"
"16","8",41.53,"Frozen","LC-MS-MS","LC-MS-MS"
"16","9",103.92,"Frozen","LC-MS-MS","LC-MS-MS"
"16","9",111.69,"Frozen","LC-MS-MS","LC-MS-MS"
"17","1",35.82,"Frozen","LC-MS-MS","LC-MS-MS"
"17","1",36.87,"Frozen","LC-MS-MS","LC-MS-MS"
"17","2",60.26,"Frozen","LC-MS-MS","LC-MS-MS"
"17","2",59.74,"Frozen","LC-MS-MS","LC-MS-MS"
"17","3",71.87,"Frozen","LC-MS-MS","LC-MS-MS"
"17","3",73.81,"Frozen","LC-MS-MS","LC-MS-MS"
"17","4",76.91,"Frozen","LC-MS-MS","LC-MS-MS"
"17","4",63.26,"Frozen","LC-MS-MS","LC-MS-MS"
"17","5",26.3,"Frozen","LC-MS-MS","LC-MS-MS"
"17","5",30.59,"Frozen","LC-MS-MS","LC-MS-MS"
"17","6",93.2,"Frozen","LC-MS-MS","LC-MS-MS"
"17","6",96.88,"Frozen","LC-MS-MS","LC-MS-MS"
"17","7",73.24,"Frozen","LC-MS-MS","LC-MS-MS"
"17","7",69.05,"Frozen","LC-MS-MS","LC-MS-MS"
"17","8",40.21,"Frozen","LC-MS-MS","LC-MS-MS"
"17","8",43.7,"Frozen","LC-MS-MS","LC-MS-MS"
"17","9",99.85,"Frozen","LC-MS-MS","LC-MS-MS"
"17","9",97.12,"Frozen","LC-MS-MS","LC-MS-MS"
"18","1",38.25,"Frozen","Abbott Architect","IA"
"18","1",39,"Frozen","Abbott Architect","IA"
"18","2",70.75,"Frozen","Abbott Architect","IA"
"18","2",69,"Frozen","Abbott Architect","IA"
"18","3",83.25,"Frozen","Abbott Architect","IA"
"18","3",87.5,"Frozen","Abbott Architect","IA"
"18","4",79.75,"Frozen","Abbott Architect","IA"
"18","4",79.25,"Frozen","Abbott Architect","IA"
"18","5",29.5,"Frozen","Abbott Architect","IA"
"18","5",30,"Frozen","Abbott Architect","IA"
"18","6",105.5,"Frozen","Abbott Architect","IA"
"18","6",103.5,"Frozen","Abbott Architect","IA"
"18","7",80,"Frozen","Abbott Architect","IA"
"18","7",77,"Frozen","Abbott Architect","IA"
"18","8",44.25,"Frozen","Abbott Architect","IA"
"18","8",43.25,"Frozen","Abbott Architect","IA"
"18","9",83.25,"Frozen","Abbott Architect","IA"
"18","9",82.75,"Frozen","Abbott Architect","IA"
"19","1",33.1,"Frozen","Roche Vitamin D Total II","IA"
"19","1",42.1,"Frozen","Roche Vitamin D Total II","IA"
"19","2",78.3,"Frozen","Roche Vitamin D Total II","IA"
"19","2",84.7,"Frozen","Roche Vitamin D Total II","IA"
"19","3",87.3,"Frozen","Roche Vitamin D Total II","IA"
"19","3",93.9,"Frozen","Roche Vitamin D Total II","IA"
"19","4",93.5,"Frozen","Roche Vitamin D Total II","IA"
"19","4",97.4,"Frozen","Roche Vitamin D Total II","IA"
"19","5",24.5,"Frozen","Roche Vitamin D Total II","IA"
"19","5",28.7,"Frozen","Roche Vitamin D Total II","IA"
"19","6",121.22,"Frozen","Roche Vitamin D Total II","IA"
"19","6",122.6,"Frozen","Roche Vitamin D Total II","IA"
"19","7",82.1,"Frozen","Roche Vitamin D Total II","IA"
"19","7",83.1,"Frozen","Roche Vitamin D Total II","IA"
"19","8",44.5,"Frozen","Roche Vitamin D Total II","IA"
"19","8",42.3,"Frozen","Roche Vitamin D Total II","IA"
"19","9",108.55,"Frozen","Roche Vitamin D Total II","IA"
"19","9",103.78,"Frozen","Roche Vitamin D Total II","IA"
"20","1",35.5,"Frozen","IDS-iSYS","IA"
"20","1",41,"Frozen","IDS-iSYS","IA"
"20","2",75.11,"Frozen","IDS-iSYS","IA"
"20","2",77.5,"Frozen","IDS-iSYS","IA"
"20","3",78.77,"Frozen","IDS-iSYS","IA"
"20","3",89.75,"Frozen","IDS-iSYS","IA"
"20","4",78.74,"Frozen","IDS-iSYS","IA"
"20","4",80.5,"Frozen","IDS-iSYS","IA"
"20","5",30.29,"Frozen","IDS-iSYS","IA"
"20","5",33.75,"Frozen","IDS-iSYS","IA"
"20","6",113,"Frozen","IDS-iSYS","IA"
"20","6",105,"Frozen","IDS-iSYS","IA"
"20","7",88.14,"Frozen","IDS-iSYS","IA"
"20","7",90.5,"Frozen","IDS-iSYS","IA"
"20","8",46.97,"Frozen","IDS-iSYS","IA"
"20","8",49,"Frozen","IDS-iSYS","IA"
"20","9",155,"Frozen","IDS-iSYS","IA"
"20","9",160,"Frozen","IDS-iSYS","IA"
"21","1",41.3,"Frozen","IDS EIA","IA"
"21","1",39.3,"Frozen","IDS EIA","IA"
"21","2",73.5,"Frozen","IDS EIA","IA"
"21","2",68.5,"Frozen","IDS EIA","IA"
"21","3",88.5,"Frozen","IDS EIA","IA"
"21","3",97.1,"Frozen","IDS EIA","IA"
"21","4",94.2,"Frozen","IDS EIA","IA"
"21","4",99.7,"Frozen","IDS EIA","IA"
"21","5",38.2,"Frozen","IDS EIA","IA"
"21","5",36.2,"Frozen","IDS EIA","IA"
"21","6",120.1,"Frozen","IDS EIA","IA"
"21","6",118.7,"Frozen","IDS EIA","IA"
"21","7",82.2,"Frozen","IDS EIA","IA"
"21","7",92.1,"Frozen","IDS EIA","IA"
"21","8",41.9,"Frozen","IDS EIA","IA"
"21","8",48.2,"Frozen","IDS EIA","IA"
"21","9",119,"Frozen","IDS EIA","IA"
"21","9",111,"Frozen","IDS EIA","IA"
"22","1",46.8,"Frozen","LC-MS-MS","LC-MS-MS"
"22","1",42.8,"Frozen","LC-MS-MS","LC-MS-MS"
"22","2",69.2,"Frozen","LC-MS-MS","LC-MS-MS"
"22","2",70.9,"Frozen","LC-MS-MS","LC-MS-MS"
"22","3",86.9,"Frozen","LC-MS-MS","LC-MS-MS"
"22","3",87.6,"Frozen","LC-MS-MS","LC-MS-MS"
"22","4",84.6,"Frozen","LC-MS-MS","LC-MS-MS"
"22","4",84.7,"Frozen","LC-MS-MS","LC-MS-MS"
"22","5",33.1,"Frozen","LC-MS-MS","LC-MS-MS"
"22","5",33.5,"Frozen","LC-MS-MS","LC-MS-MS"
"22","6",106.6,"Frozen","LC-MS-MS","LC-MS-MS"
"22","6",108.5,"Frozen","LC-MS-MS","LC-MS-MS"
"22","7",83.6,"Frozen","LC-MS-MS","LC-MS-MS"
"22","7",83.7,"Frozen","LC-MS-MS","LC-MS-MS"
"22","8",48.9,"Frozen","LC-MS-MS","LC-MS-MS"
"22","8",47.2,"Frozen","LC-MS-MS","LC-MS-MS"
"22","9",126.3,"Frozen","LC-MS-MS","LC-MS-MS"
"22","9",118.7,"Frozen","LC-MS-MS","LC-MS-MS"
"23","1",39,"Frozen","Abbott Architect","IA"
"23","1",39.9,"Frozen","Abbott Architect","IA"
"23","2",69.7,"Frozen","Abbott Architect","IA"
"23","2",66.6,"Frozen","Abbott Architect","IA"
"23","3",88.6,"Frozen","Abbott Architect","IA"
"23","3",88.2,"Frozen","Abbott Architect","IA"
"23","4",80.1,"Frozen","Abbott Architect","IA"
"23","4",83.6,"Frozen","Abbott Architect","IA"
"23","5",30.7,"Frozen","Abbott Architect","IA"
"23","5",30.3,"Frozen","Abbott Architect","IA"
"23","6",110.3,"Frozen","Abbott Architect","IA"
"23","6",94.9,"Frozen","Abbott Architect","IA"
"23","7",78.7,"Frozen","Abbott Architect","IA"
"23","7",80.6,"Frozen","Abbott Architect","IA"
"23","8",41.4,"Frozen","Abbott Architect","IA"
"23","8",43.2,"Frozen","Abbott Architect","IA"
"23","9",86.9,"Frozen","Abbott Architect","IA"
"23","9",85,"Frozen","Abbott Architect","IA"
"24","1",40.5,"Frozen","DiaSorin Liaison Total","IA"
"24","1",44.5,"Frozen","DiaSorin Liaison Total","IA"
"24","2",74.8,"Frozen","DiaSorin Liaison Total","IA"
"24","2",82.5,"Frozen","DiaSorin Liaison Total","IA"
"24","3",93.3,"Frozen","DiaSorin Liaison Total","IA"
"24","3",97.78,"Frozen","DiaSorin Liaison Total","IA"
"24","4",83.5,"Frozen","DiaSorin Liaison Total","IA"
"24","4",89,"Frozen","DiaSorin Liaison Total","IA"
"24","5",35.3,"Frozen","DiaSorin Liaison Total","IA"
"24","5",37.8,"Frozen","DiaSorin Liaison Total","IA"
"24","6",103,"Frozen","DiaSorin Liaison Total","IA"
"24","6",105.8,"Frozen","DiaSorin Liaison Total","IA"
"24","7",80.8,"Frozen","DiaSorin Liaison Total","IA"
"24","7",86.5,"Frozen","DiaSorin Liaison Total","IA"
"24","8",48.8,"Frozen","DiaSorin Liaison Total","IA"
"24","8",50,"Frozen","DiaSorin Liaison Total","IA"
"24","9",110.8,"Frozen","DiaSorin Liaison Total","IA"
"24","9",112.5,"Frozen","DiaSorin Liaison Total","IA"
"25.1","1",42.2,"Frozen","LC-MS-MS","LC-MS-MS"
"25.1","1",38.6,"Frozen","LC-MS-MS","LC-MS-MS"
"25.1","2",63.6,"Frozen","LC-MS-MS","LC-MS-MS"
"25.1","2",62.9,"Frozen","LC-MS-MS","LC-MS-MS"
"25.1","3",79.5,"Frozen","LC-MS-MS","LC-MS-MS"
"25.1","3",77,"Frozen","LC-MS-MS","LC-MS-MS"
"25.1","4",73.7,"Frozen","LC-MS-MS","LC-MS-MS"
"25.1","4",78.1,"Frozen","LC-MS-MS","LC-MS-MS"
"25.1","5",35.3,"Frozen","LC-MS-MS","LC-MS-MS"
"25.1","5",31.7,"Frozen","LC-MS-MS","LC-MS-MS"
"25.1","6",103,"Frozen","LC-MS-MS","LC-MS-MS"
"25.1","6",103,"Frozen","LC-MS-MS","LC-MS-MS"
"25.1","7",73.5,"Frozen","LC-MS-MS","LC-MS-MS"
"25.1","7",77.3,"Frozen","LC-MS-MS","LC-MS-MS"
"25.1","8",50.4,"Frozen","LC-MS-MS","LC-MS-MS"
"25.1","8",49.1,"Frozen","LC-MS-MS","LC-MS-MS"
"25.1","9",107,"Frozen","LC-MS-MS","LC-MS-MS"
"25.1","9",111,"Frozen","LC-MS-MS","LC-MS-MS"
"25.2","1",37.3,"Frozen","LC-MS-MS","LC-MS-MS"
"25.2","1",38.6,"Frozen","LC-MS-MS","LC-MS-MS"
"25.2","2",64,"Frozen","LC-MS-MS","LC-MS-MS"
"25.2","2",65.3,"Frozen","LC-MS-MS","LC-MS-MS"
"25.2","3",81.5,"Frozen","LC-MS-MS","LC-MS-MS"
"25.2","3",78.8,"Frozen","LC-MS-MS","LC-MS-MS"
"25.2","4",77.4,"Frozen","LC-MS-MS","LC-MS-MS"
"25.2","4",74.6,"Frozen","LC-MS-MS","LC-MS-MS"
"25.2","5",32.5,"Frozen","LC-MS-MS","LC-MS-MS"
"25.2","5",32.4,"Frozen","LC-MS-MS","LC-MS-MS"
"25.2","6",97.8,"Frozen","LC-MS-MS","LC-MS-MS"
"25.2","6",107,"Frozen","LC-MS-MS","LC-MS-MS"
"25.2","7",73.1,"Frozen","LC-MS-MS","LC-MS-MS"
"25.2","7",69,"Frozen","LC-MS-MS","LC-MS-MS"
"25.2","8",44.6,"Frozen","LC-MS-MS","LC-MS-MS"
"25.2","8",NA,"Frozen","LC-MS-MS","LC-MS-MS"
"25.2","9",107,"Frozen","LC-MS-MS","LC-MS-MS"
"25.2","9",105,"Frozen","LC-MS-MS","LC-MS-MS"
"26","1",36.96,"Frozen","Beckman Access2 Total 25OHD","IA"
"26","1",39.75,"Frozen","Beckman Access2 Total 25OHD","IA"
"26","2",70.84,"Frozen","Beckman Access2 Total 25OHD","IA"
"26","2",73.33,"Frozen","Beckman Access2 Total 25OHD","IA"
"26","3",80.58,"Frozen","Beckman Access2 Total 25OHD","IA"
"26","3",78.36,"Frozen","Beckman Access2 Total 25OHD","IA"
"26","4",78.98,"Frozen","Beckman Access2 Total 25OHD","IA"
"26","4",73.34,"Frozen","Beckman Access2 Total 25OHD","IA"
"26","5",33.94,"Frozen","Beckman Access2 Total 25OHD","IA"
"26","5",31.87,"Frozen","Beckman Access2 Total 25OHD","IA"
"26","6",102.08,"Frozen","Beckman Access2 Total 25OHD","IA"
"26","6",112.48,"Frozen","Beckman Access2 Total 25OHD","IA"
"26","7",70.73,"Frozen","Beckman Access2 Total 25OHD","IA"
"26","7",75.6,"Frozen","Beckman Access2 Total 25OHD","IA"
"26","8",45.72,"Frozen","Beckman Access2 Total 25OHD","IA"
"26","8",43.88,"Frozen","Beckman Access2 Total 25OHD","IA"
"26","9",109.86,"Frozen","Beckman Access2 Total 25OHD","IA"
"26","9",117.09,"Frozen","Beckman Access2 Total 25OHD","IA"
"27","1",36.85,"Frozen","Abbott Architect","IA"
"27","1",38.92,"Frozen","Abbott Architect","IA"
"27","2",69.52,"Frozen","Abbott Architect","IA"
"27","2",74.44,"Frozen","Abbott Architect","IA"
"27","3",87.02,"Frozen","Abbott Architect","IA"
"27","3",89.73,"Frozen","Abbott Architect","IA"
"27","4",82.06,"Frozen","Abbott Architect","IA"
"27","4",79.73,"Frozen","Abbott Architect","IA"
"27","5",30.73,"Frozen","Abbott Architect","IA"
"27","5",29.91,"Frozen","Abbott Architect","IA"
"27","6",108.87,"Frozen","Abbott Architect","IA"
"27","6",107.4,"Frozen","Abbott Architect","IA"
"27","7",77.9,"Frozen","Abbott Architect","IA"
"27","7",78.3,"Frozen","Abbott Architect","IA"
"27","8",45.57,"Frozen","Abbott Architect","IA"
"27","8",44.2,"Frozen","Abbott Architect","IA"
"27","9",82.56,"Frozen","Abbott Architect","IA"
"27","9",84.07,"Frozen","Abbott Architect","IA"
"28","1",42.6,"Frozen","LC-MS-MS","LC-MS-MS"
"28","1",45.3,"Frozen","LC-MS-MS","LC-MS-MS"
"28","2",68.17,"Frozen","LC-MS-MS","LC-MS-MS"
"28","2",71.23,"Frozen","LC-MS-MS","LC-MS-MS"
"28","3",85.55,"Frozen","LC-MS-MS","LC-MS-MS"
"28","3",89.89,"Frozen","LC-MS-MS","LC-MS-MS"
"28","4",84.88,"Frozen","LC-MS-MS","LC-MS-MS"
"28","4",82.65,"Frozen","LC-MS-MS","LC-MS-MS"
"28","5",37.12,"Frozen","LC-MS-MS","LC-MS-MS"
"28","5",34.47,"Frozen","LC-MS-MS","LC-MS-MS"
"28","6",111.7,"Frozen","LC-MS-MS","LC-MS-MS"
"28","6",110.97,"Frozen","LC-MS-MS","LC-MS-MS"
"28","7",81.18,"Frozen","LC-MS-MS","LC-MS-MS"
"28","7",81.73,"Frozen","LC-MS-MS","LC-MS-MS"
"28","8",48.72,"Frozen","LC-MS-MS","LC-MS-MS"
"28","8",46.82,"Frozen","LC-MS-MS","LC-MS-MS"
"28","9",118,"Frozen","LC-MS-MS","LC-MS-MS"
"28","9",120.78,"Frozen","LC-MS-MS","LC-MS-MS"
"29","1",37.56,"Frozen","Roche Vitamin D Total II","IA"
"29","1",42.7,"Frozen","Roche Vitamin D Total II","IA"
"29","2",75.65,"Frozen","Roche Vitamin D Total II","IA"
"29","2",82.05,"Frozen","Roche Vitamin D Total II","IA"
"29","3",91.34,"Frozen","Roche Vitamin D Total II","IA"
"29","3",90.78,"Frozen","Roche Vitamin D Total II","IA"
"29","4",87.37,"Frozen","Roche Vitamin D Total II","IA"
"29","4",90.92,"Frozen","Roche Vitamin D Total II","IA"
"29","5",28.6,"Frozen","Roche Vitamin D Total II","IA"
"29","5",28.51,"Frozen","Roche Vitamin D Total II","IA"
"29","6",115.5,"Frozen","Roche Vitamin D Total II","IA"
"29","6",115.3,"Frozen","Roche Vitamin D Total II","IA"
"29","7",82.42,"Frozen","Roche Vitamin D Total II","IA"
"29","7",85.62,"Frozen","Roche Vitamin D Total II","IA"
"29","8",48.35,"Frozen","Roche Vitamin D Total II","IA"
"29","8",48.22,"Frozen","Roche Vitamin D Total II","IA"
"29","9",108,"Frozen","Roche Vitamin D Total II","IA"
"29","9",101.8,"Frozen","Roche Vitamin D Total II","IA"
"30","1",32.9,"Frozen","Siemens ADVIA Centaur","IA"
"30","1",33.3,"Frozen","Siemens ADVIA Centaur","IA"
"30","2",77.1,"Frozen","Siemens ADVIA Centaur","IA"
"30","2",69.6,"Frozen","Siemens ADVIA Centaur","IA"
"30","3",84.2,"Frozen","Siemens ADVIA Centaur","IA"
"30","3",84,"Frozen","Siemens ADVIA Centaur","IA"
"30","4",82.6,"Frozen","Siemens ADVIA Centaur","IA"
"30","4",82.2,"Frozen","Siemens ADVIA Centaur","IA"
"30","5",29.8,"Frozen","Siemens ADVIA Centaur","IA"
"30","5",29.1,"Frozen","Siemens ADVIA Centaur","IA"
"30","6",91.3,"Frozen","Siemens ADVIA Centaur","IA"
"30","6",94.2,"Frozen","Siemens ADVIA Centaur","IA"
"30","7",76.9,"Frozen","Siemens ADVIA Centaur","IA"
"30","7",75.5,"Frozen","Siemens ADVIA Centaur","IA"
"30","8",44.2,"Frozen","Siemens ADVIA Centaur","IA"
"30","8",46.8,"Frozen","Siemens ADVIA Centaur","IA"
"30","9",125,"Frozen","Siemens ADVIA Centaur","IA"
"30","9",122,"Frozen","Siemens ADVIA Centaur","IA"
"31","1",44.88,"Frozen","SNIBE","IA"
"31","1",44.05,"Frozen","SNIBE","IA"
"31","2",78.97,"Frozen","SNIBE","IA"
"31","2",83.92,"Frozen","SNIBE","IA"
"31","3",110.4,"Frozen","SNIBE","IA"
"31","3",116.05,"Frozen","SNIBE","IA"
"31","4",93.75,"Frozen","SNIBE","IA"
"31","4",99.4,"Frozen","SNIBE","IA"
"31","5",31.02,"Frozen","SNIBE","IA"
"31","5",34.23,"Frozen","SNIBE","IA"
"31","6",126.85,"Frozen","SNIBE","IA"
"31","6",135.88,"Frozen","SNIBE","IA"
"31","7",90.15,"Frozen","SNIBE","IA"
"31","7",98.92,"Frozen","SNIBE","IA"
"31","8",55.27,"Frozen","SNIBE","IA"
"31","8",69.9,"Frozen","SNIBE","IA"
"31","9",104.53,"Frozen","SNIBE","IA"
"31","9",102.97,"Frozen","SNIBE","IA"
"33","1",36.5,"Frozen","LC-MS-MS","LC-MS-MS"
"33","1",41.5,"Frozen","LC-MS-MS","LC-MS-MS"
"33","2",62.5,"Frozen","LC-MS-MS","LC-MS-MS"
"33","2",65.75,"Frozen","LC-MS-MS","LC-MS-MS"
"33","3",77.25,"Frozen","LC-MS-MS","LC-MS-MS"
"33","3",79.75,"Frozen","LC-MS-MS","LC-MS-MS"
"33","4",78.25,"Frozen","LC-MS-MS","LC-MS-MS"
"33","4",76.5,"Frozen","LC-MS-MS","LC-MS-MS"
"33","5",32.75,"Frozen","LC-MS-MS","LC-MS-MS"
"33","5",30.75,"Frozen","LC-MS-MS","LC-MS-MS"
"33","6",108,"Frozen","LC-MS-MS","LC-MS-MS"
"33","6",98.25,"Frozen","LC-MS-MS","LC-MS-MS"
"33","7",78.25,"Frozen","LC-MS-MS","LC-MS-MS"
"33","7",71.5,"Frozen","LC-MS-MS","LC-MS-MS"
"33","8",48.75,"Frozen","LC-MS-MS","LC-MS-MS"
"33","8",42.75,"Frozen","LC-MS-MS","LC-MS-MS"
"33","9",119.77,"Frozen","LC-MS-MS","LC-MS-MS"
"33","9",102.4,"Frozen","LC-MS-MS","LC-MS-MS"
"34","1",35.3,"Frozen","bioMerieux 25OH Vitamin D Total","IA"
"34","1",35.3,"Frozen","bioMerieux 25OH Vitamin D Total","IA"
"34","2",82.8,"Frozen","bioMerieux 25OH Vitamin D Total","IA"
"34","2",83.3,"Frozen","bioMerieux 25OH Vitamin D Total","IA"
"34","3",89.3,"Frozen","bioMerieux 25OH Vitamin D Total","IA"
"34","3",100,"Frozen","bioMerieux 25OH Vitamin D Total","IA"
"34","4",85.8,"Frozen","bioMerieux 25OH Vitamin D Total","IA"
"34","4",106,"Frozen","bioMerieux 25OH Vitamin D Total","IA"
"34","5",26.3,"Frozen","bioMerieux 25OH Vitamin D Total","IA"
"34","5",32,"Frozen","bioMerieux 25OH Vitamin D Total","IA"
"34","6",118.5,"Frozen","bioMerieux 25OH Vitamin D Total","IA"
"34","6",123.5,"Frozen","bioMerieux 25OH Vitamin D Total","IA"
"34","7",84.3,"Frozen","bioMerieux 25OH Vitamin D Total","IA"
"34","7",84,"Frozen","bioMerieux 25OH Vitamin D Total","IA"
"34","8",46.3,"Frozen","bioMerieux 25OH Vitamin D Total","IA"
"34","8",49.5,"Frozen","bioMerieux 25OH Vitamin D Total","IA"
"34","9",96.5,"Frozen","bioMerieux 25OH Vitamin D Total","IA"
"34","9",95,"Frozen","bioMerieux 25OH Vitamin D Total","IA"
"36","1",39.63,"Frozen","LC-MS-MS","LC-MS-MS"
"36","1",42.39,"Frozen","LC-MS-MS","LC-MS-MS"
"36","2",66.54,"Frozen","LC-MS-MS","LC-MS-MS"
"36","2",68.29,"Frozen","LC-MS-MS","LC-MS-MS"
"36","3",78.08,"Frozen","LC-MS-MS","LC-MS-MS"
"36","3",81.33,"Frozen","LC-MS-MS","LC-MS-MS"
"36","4",73.59,"Frozen","LC-MS-MS","LC-MS-MS"
"36","4",77.82,"Frozen","LC-MS-MS","LC-MS-MS"
"36","5",33.15,"Frozen","LC-MS-MS","LC-MS-MS"
"36","5",35.16,"Frozen","LC-MS-MS","LC-MS-MS"
"36","6",100.58,"Frozen","LC-MS-MS","LC-MS-MS"
"36","6",99.81,"Frozen","LC-MS-MS","LC-MS-MS"
"36","7",81.05,"Frozen","LC-MS-MS","LC-MS-MS"
"36","7",76.36,"Frozen","LC-MS-MS","LC-MS-MS"
"36","8",46.12,"Frozen","LC-MS-MS","LC-MS-MS"
"36","8",47.11,"Frozen","LC-MS-MS","LC-MS-MS"
"36","9",106.3,"Frozen","LC-MS-MS","LC-MS-MS"
"36","9",108.28,"Frozen","LC-MS-MS","LC-MS-MS"
"37","1",41.6,"Frozen","LC-MS-MS","LC-MS-MS"
"37","1",35.07,"Frozen","LC-MS-MS","LC-MS-MS"
"37","2",56.7,"Frozen","LC-MS-MS","LC-MS-MS"
"37","2",60.35,"Frozen","LC-MS-MS","LC-MS-MS"
"37","3",73.35,"Frozen","LC-MS-MS","LC-MS-MS"
"37","3",73.64,"Frozen","LC-MS-MS","LC-MS-MS"
"37","4",76.83,"Frozen","LC-MS-MS","LC-MS-MS"
"37","4",76.23,"Frozen","LC-MS-MS","LC-MS-MS"
"37","5",28.6,"Frozen","LC-MS-MS","LC-MS-MS"
"37","5",30.18,"Frozen","LC-MS-MS","LC-MS-MS"
"37","6",99.27,"Frozen","LC-MS-MS","LC-MS-MS"
"37","6",98.8,"Frozen","LC-MS-MS","LC-MS-MS"
"37","7",76.19,"Frozen","LC-MS-MS","LC-MS-MS"
"37","7",69.23,"Frozen","LC-MS-MS","LC-MS-MS"
"37","8",42.34,"Frozen","LC-MS-MS","LC-MS-MS"
"37","8",41.85,"Frozen","LC-MS-MS","LC-MS-MS"
"37","9",112.2,"Frozen","LC-MS-MS","LC-MS-MS"
"37","9",106.09,"Frozen","LC-MS-MS","LC-MS-MS"
"38","1",40.1,"Frozen","LC-MS-MS","LC-MS-MS"
"38","1",41,"Frozen","LC-MS-MS","LC-MS-MS"
"38","2",68.3,"Frozen","LC-MS-MS","LC-MS-MS"
"38","2",65.8,"Frozen","LC-MS-MS","LC-MS-MS"
"38","3",77.1,"Frozen","LC-MS-MS","LC-MS-MS"
"38","3",81.7,"Frozen","LC-MS-MS","LC-MS-MS"
"38","4",74.7,"Frozen","LC-MS-MS","LC-MS-MS"
"38","4",73.5,"Frozen","LC-MS-MS","LC-MS-MS"
"38","5",31.6,"Frozen","LC-MS-MS","LC-MS-MS"
"38","5",29.3,"Frozen","LC-MS-MS","LC-MS-MS"
"38","6",109.4,"Frozen","LC-MS-MS","LC-MS-MS"
"38","6",108.4,"Frozen","LC-MS-MS","LC-MS-MS"
"38","7",71.3,"Frozen","LC-MS-MS","LC-MS-MS"
"38","7",70.9,"Frozen","LC-MS-MS","LC-MS-MS"
"38","8",41.7,"Frozen","LC-MS-MS","LC-MS-MS"
"38","8",49.4,"Frozen","LC-MS-MS","LC-MS-MS"
"38","9",111.6,"Frozen","LC-MS-MS","LC-MS-MS"
"38","9",115.6,"Frozen","LC-MS-MS","LC-MS-MS"
"39","1",46.75,"Frozen","IDS-iSYS","IA"
"39","1",35.25,"Frozen","IDS-iSYS","IA"
"39","2",77.5,"Frozen","IDS-iSYS","IA"
"39","2",74.25,"Frozen","IDS-iSYS","IA"
"39","3",89.25,"Frozen","IDS-iSYS","IA"
"39","3",88,"Frozen","IDS-iSYS","IA"
"39","4",96,"Frozen","IDS-iSYS","IA"
"39","4",88,"Frozen","IDS-iSYS","IA"
"39","5",41.25,"Frozen","IDS-iSYS","IA"
"39","5",34,"Frozen","IDS-iSYS","IA"
"39","6",113,"Frozen","IDS-iSYS","IA"
"39","6",102.25,"Frozen","IDS-iSYS","IA"
"39","7",85.5,"Frozen","IDS-iSYS","IA"
"39","7",83.75,"Frozen","IDS-iSYS","IA"
"39","8",56,"Frozen","IDS-iSYS","IA"
"39","8",52.25,"Frozen","IDS-iSYS","IA"
"39","9",116.25,"Frozen","IDS-iSYS","IA"
"39","9",112.75,"Frozen","IDS-iSYS","IA"
"40","1",31.81,"Frozen","Siemens ADVIA Centaur","IA"
"40","1",40.36,"Frozen","Siemens ADVIA Centaur","IA"
"40","2",63.39,"Frozen","Siemens ADVIA Centaur","IA"
"40","2",70.78,"Frozen","Siemens ADVIA Centaur","IA"
"40","4",73.79,"Frozen","Siemens ADVIA Centaur","IA"
"40","4",78.86,"Frozen","Siemens ADVIA Centaur","IA"
"40","5",30.02,"Frozen","Siemens ADVIA Centaur","IA"
"40","5",37.56,"Frozen","Siemens ADVIA Centaur","IA"
"40","6",89.51,"Frozen","Siemens ADVIA Centaur","IA"
"40","6",92.25,"Frozen","Siemens ADVIA Centaur","IA"
"40","7",74.29,"Frozen","Siemens ADVIA Centaur","IA"
"40","7",76.8,"Frozen","Siemens ADVIA Centaur","IA"
"40","8",49.02,"Frozen","Siemens ADVIA Centaur","IA"
"40","8",47.98,"Frozen","Siemens ADVIA Centaur","IA"
"40","9",114.08,"Frozen","Siemens ADVIA Centaur","IA"
"40","9",123.39,"Frozen","Siemens ADVIA Centaur","IA"
"1","1",40,"Ambient","Abbott Architect","IA"
"1","1",39.3,"Ambient","Abbott Architect","IA"
"1","2",68.3,"Ambient","Abbott Architect","IA"
"1","2",72.3,"Ambient","Abbott Architect","IA"
"1","3",87.3,"Ambient","Abbott Architect","IA"
"1","3",86.8,"Ambient","Abbott Architect","IA"
"1","4",79.8,"Ambient","Abbott Architect","IA"
"1","4",82.5,"Ambient","Abbott Architect","IA"
"1","5",30,"Ambient","Abbott Architect","IA"
"1","5",29.3,"Ambient","Abbott Architect","IA"
"1","6",105,"Ambient","Abbott Architect","IA"
"1","6",111,"Ambient","Abbott Architect","IA"
"1","7",74.3,"Ambient","Abbott Architect","IA"
"1","7",80.8,"Ambient","Abbott Architect","IA"
"1","8",46.8,"Ambient","Abbott Architect","IA"
"1","8",44.3,"Ambient","Abbott Architect","IA"
"1","9",82.3,"Ambient","Abbott Architect","IA"
"1","9",81.5,"Ambient","Abbott Architect","IA"
"2","1",33.5,"Ambient","DIAsource Total 25OHD ELISA","IA"
"2","1",27.5,"Ambient","DIAsource Total 25OHD ELISA","IA"
"2","2",88.3,"Ambient","DIAsource Total 25OHD ELISA","IA"
"2","2",69.8,"Ambient","DIAsource Total 25OHD ELISA","IA"
"2","3",137,"Ambient","DIAsource Total 25OHD ELISA","IA"
"2","3",124,"Ambient","DIAsource Total 25OHD ELISA","IA"
"2","4",97.3,"Ambient","DIAsource Total 25OHD ELISA","IA"
"2","4",75.5,"Ambient","DIAsource Total 25OHD ELISA","IA"
"2","5",55.5,"Ambient","DIAsource Total 25OHD ELISA","IA"
"2","5",54,"Ambient","DIAsource Total 25OHD ELISA","IA"
"2","6",114,"Ambient","DIAsource Total 25OHD ELISA","IA"
"2","6",111,"Ambient","DIAsource Total 25OHD ELISA","IA"
"2","7",107,"Ambient","DIAsource Total 25OHD ELISA","IA"
"2","7",112,"Ambient","DIAsource Total 25OHD ELISA","IA"
"2","8",39.3,"Ambient","DIAsource Total 25OHD ELISA","IA"
"2","8",47,"Ambient","DIAsource Total 25OHD ELISA","IA"
"2","9",89.3,"Ambient","DIAsource Total 25OHD ELISA","IA"
"2","9",98.8,"Ambient","DIAsource Total 25OHD ELISA","IA"
"3","1",36.5,"Ambient","bioMerieux 25OH Vitamin D Total","IA"
"3","1",34,"Ambient","bioMerieux 25OH Vitamin D Total","IA"
"3","2",80.75,"Ambient","bioMerieux 25OH Vitamin D Total","IA"
"3","2",78.75,"Ambient","bioMerieux 25OH Vitamin D Total","IA"
"3","3",94.5,"Ambient","bioMerieux 25OH Vitamin D Total","IA"
"3","3",94,"Ambient","bioMerieux 25OH Vitamin D Total","IA"
"3","4",90,"Ambient","bioMerieux 25OH Vitamin D Total","IA"
"3","4",86,"Ambient","bioMerieux 25OH Vitamin D Total","IA"
"3","5",29.5,"Ambient","bioMerieux 25OH Vitamin D Total","IA"
"3","5",25.5,"Ambient","bioMerieux 25OH Vitamin D Total","IA"
"3","6",107.75,"Ambient","bioMerieux 25OH Vitamin D Total","IA"
"3","6",110.25,"Ambient","bioMerieux 25OH Vitamin D Total","IA"
"3","7",76.5,"Ambient","bioMerieux 25OH Vitamin D Total","IA"
"3","7",75,"Ambient","bioMerieux 25OH Vitamin D Total","IA"
"3","8",39.25,"Ambient","bioMerieux 25OH Vitamin D Total","IA"
"3","8",38.25,"Ambient","bioMerieux 25OH Vitamin D Total","IA"
"3","9",92.25,"Ambient","bioMerieux 25OH Vitamin D Total","IA"
"3","9",90.5,"Ambient","bioMerieux 25OH Vitamin D Total","IA"
"4","1",42.81,"Ambient","Bio-Rad BioPlex 2200","IA"
"4","1",45.09,"Ambient","Bio-Rad BioPlex 2200","IA"
"4","2",65.84,"Ambient","Bio-Rad BioPlex 2200","IA"
"4","2",59.71,"Ambient","Bio-Rad BioPlex 2200","IA"
"4","3",67.7,"Ambient","Bio-Rad BioPlex 2200","IA"
"4","3",83.89,"Ambient","Bio-Rad BioPlex 2200","IA"
"4","4",78.2,"Ambient","Bio-Rad BioPlex 2200","IA"
"4","4",75.18,"Ambient","Bio-Rad BioPlex 2200","IA"
"4","5",33.38,"Ambient","Bio-Rad BioPlex 2200","IA"
"4","5",36.84,"Ambient","Bio-Rad BioPlex 2200","IA"
"4","6",89.33,"Ambient","Bio-Rad BioPlex 2200","IA"
"4","6",94.03,"Ambient","Bio-Rad BioPlex 2200","IA"
"4","7",67.64,"Ambient","Bio-Rad BioPlex 2200","IA"
"4","7",64.7,"Ambient","Bio-Rad BioPlex 2200","IA"
"4","8",43.6,"Ambient","Bio-Rad BioPlex 2200","IA"
"4","8",52.66,"Ambient","Bio-Rad BioPlex 2200","IA"
"4","9",95.84,"Ambient","Bio-Rad BioPlex 2200","IA"
"4","9",95.92,"Ambient","Bio-Rad BioPlex 2200","IA"
"5","1",49.37,"Ambient","SNIBE","IA"
"5","1",43.56,"Ambient","SNIBE","IA"
"5","2",72.33,"Ambient","SNIBE","IA"
"5","2",73.92,"Ambient","SNIBE","IA"
"5","3",100.64,"Ambient","SNIBE","IA"
"5","3",99.56,"Ambient","SNIBE","IA"
"5","4",89.48,"Ambient","SNIBE","IA"
"5","4",90.19,"Ambient","SNIBE","IA"
"5","5",34.9,"Ambient","SNIBE","IA"
"5","5",35.04,"Ambient","SNIBE","IA"
"5","6",108.25,"Ambient","SNIBE","IA"
"5","6",106.9,"Ambient","SNIBE","IA"
"5","7",84.08,"Ambient","SNIBE","IA"
"5","7",79.3,"Ambient","SNIBE","IA"
"5","8",85.81,"Ambient","SNIBE","IA"
"5","8",60.65,"Ambient","SNIBE","IA"
"5","9",88.61,"Ambient","SNIBE","IA"
"5","9",89.5,"Ambient","SNIBE","IA"
"6","1",48.15,"Ambient","LC-MS-MS","LC-MS-MS"
"6","1",45.98,"Ambient","LC-MS-MS","LC-MS-MS"
"6","2",74.18,"Ambient","LC-MS-MS","LC-MS-MS"
"6","2",70.88,"Ambient","LC-MS-MS","LC-MS-MS"
"6","3",86.4,"Ambient","LC-MS-MS","LC-MS-MS"
"6","3",93.87,"Ambient","LC-MS-MS","LC-MS-MS"
"6","4",94.69,"Ambient","LC-MS-MS","LC-MS-MS"
"6","4",83.5,"Ambient","LC-MS-MS","LC-MS-MS"
"6","5",38.61,"Ambient","LC-MS-MS","LC-MS-MS"
"6","5",37.2,"Ambient","LC-MS-MS","LC-MS-MS"
"6","6",124.13,"Ambient","LC-MS-MS","LC-MS-MS"
"6","6",114.01,"Ambient","LC-MS-MS","LC-MS-MS"
"6","7",87.14,"Ambient","LC-MS-MS","LC-MS-MS"
"6","7",82.58,"Ambient","LC-MS-MS","LC-MS-MS"
"6","8",54.94,"Ambient","LC-MS-MS","LC-MS-MS"
"6","8",50.55,"Ambient","LC-MS-MS","LC-MS-MS"
"6","9",123.2,"Ambient","LC-MS-MS","LC-MS-MS"
"6","9",121.6,"Ambient","LC-MS-MS","LC-MS-MS"
"7","1",43.84,"Ambient","LC-MS-MS","LC-MS-MS"
"7","1",43.64,"Ambient","LC-MS-MS","LC-MS-MS"
"7","2",70.25,"Ambient","LC-MS-MS","LC-MS-MS"
"7","2",71.3,"Ambient","LC-MS-MS","LC-MS-MS"
"7","3",89.95,"Ambient","LC-MS-MS","LC-MS-MS"
"7","3",85.2,"Ambient","LC-MS-MS","LC-MS-MS"
"7","4",80.86,"Ambient","LC-MS-MS","LC-MS-MS"
"7","4",83.27,"Ambient","LC-MS-MS","LC-MS-MS"
"7","5",33.73,"Ambient","LC-MS-MS","LC-MS-MS"
"7","5",34,"Ambient","LC-MS-MS","LC-MS-MS"
"7","6",115.31,"Ambient","LC-MS-MS","LC-MS-MS"
"7","6",108.8,"Ambient","LC-MS-MS","LC-MS-MS"
"7","7",83.06,"Ambient","LC-MS-MS","LC-MS-MS"
"7","7",80,"Ambient","LC-MS-MS","LC-MS-MS"
"7","8",50.71,"Ambient","LC-MS-MS","LC-MS-MS"
"7","8",45.9,"Ambient","LC-MS-MS","LC-MS-MS"
"7","9",118.61,"Ambient","LC-MS-MS","LC-MS-MS"
"7","9",116.57,"Ambient","LC-MS-MS","LC-MS-MS"
"9","1",31.75,"Ambient","DiaSorin Liaison Total","IA"
"9","1",34,"Ambient","DiaSorin Liaison Total","IA"
"9","2",59.75,"Ambient","DiaSorin Liaison Total","IA"
"9","2",65.5,"Ambient","DiaSorin Liaison Total","IA"
"9","3",76,"Ambient","DiaSorin Liaison Total","IA"
"9","3",82.75,"Ambient","DiaSorin Liaison Total","IA"
"9","4",68.25,"Ambient","DiaSorin Liaison Total","IA"
"9","4",73.5,"Ambient","DiaSorin Liaison Total","IA"
"9","5",27.25,"Ambient","DiaSorin Liaison Total","IA"
"9","5",27.5,"Ambient","DiaSorin Liaison Total","IA"
"9","6",85.5,"Ambient","DiaSorin Liaison Total","IA"
"9","6",85.5,"Ambient","DiaSorin Liaison Total","IA"
"9","7",65,"Ambient","DiaSorin Liaison Total","IA"
"9","7",65.5,"Ambient","DiaSorin Liaison Total","IA"
"9","8",37.75,"Ambient","DiaSorin Liaison Total","IA"
"9","8",37.75,"Ambient","DiaSorin Liaison Total","IA"
"9","9",91,"Ambient","DiaSorin Liaison Total","IA"
"9","9",87.75,"Ambient","DiaSorin Liaison Total","IA"
"11","1",36.23,"Ambient","LC-MS-MS","LC-MS-MS"
"11","1",34.63,"Ambient","LC-MS-MS","LC-MS-MS"
"11","2",63.33,"Ambient","LC-MS-MS","LC-MS-MS"
"11","2",65.51,"Ambient","LC-MS-MS","LC-MS-MS"
"11","3",73.56,"Ambient","LC-MS-MS","LC-MS-MS"
"11","3",75.61,"Ambient","LC-MS-MS","LC-MS-MS"
"11","4",73.78,"Ambient","LC-MS-MS","LC-MS-MS"
"11","4",76.45,"Ambient","LC-MS-MS","LC-MS-MS"
"11","5",30,"Ambient","LC-MS-MS","LC-MS-MS"
"11","5",29.12,"Ambient","LC-MS-MS","LC-MS-MS"
"11","6",104.72,"Ambient","LC-MS-MS","LC-MS-MS"
"11","6",102.68,"Ambient","LC-MS-MS","LC-MS-MS"
"11","7",70.86,"Ambient","LC-MS-MS","LC-MS-MS"
"11","7",73.55,"Ambient","LC-MS-MS","LC-MS-MS"
"11","8",42.66,"Ambient","LC-MS-MS","LC-MS-MS"
"11","8",42.59,"Ambient","LC-MS-MS","LC-MS-MS"
"11","9",100.09,"Ambient","LC-MS-MS","LC-MS-MS"
"11","9",101.15,"Ambient","LC-MS-MS","LC-MS-MS"
"12","1",39.02,"Ambient","LC-MS-MS","LC-MS-MS"
"12","1",40.2,"Ambient","LC-MS-MS","LC-MS-MS"
"12","2",67.05,"Ambient","LC-MS-MS","LC-MS-MS"
"12","2",67.18,"Ambient","LC-MS-MS","LC-MS-MS"
"12","3",79.99,"Ambient","LC-MS-MS","LC-MS-MS"
"12","3",77.16,"Ambient","LC-MS-MS","LC-MS-MS"
"12","4",75.56,"Ambient","LC-MS-MS","LC-MS-MS"
"12","4",75.99,"Ambient","LC-MS-MS","LC-MS-MS"
"12","5",32.67,"Ambient","LC-MS-MS","LC-MS-MS"
"12","5",32.39,"Ambient","LC-MS-MS","LC-MS-MS"
"12","6",104.55,"Ambient","LC-MS-MS","LC-MS-MS"
"12","6",101.74,"Ambient","LC-MS-MS","LC-MS-MS"
"12","7",75.45,"Ambient","LC-MS-MS","LC-MS-MS"
"12","7",74.14,"Ambient","LC-MS-MS","LC-MS-MS"
"12","8",47.16,"Ambient","LC-MS-MS","LC-MS-MS"
"12","8",46.87,"Ambient","LC-MS-MS","LC-MS-MS"
"12","9",109.18,"Ambient","LC-MS-MS","LC-MS-MS"
"12","9",109,"Ambient","LC-MS-MS","LC-MS-MS"
"16","1",39.54,"Ambient","LC-MS-MS","LC-MS-MS"
"16","1",36.74,"Ambient","LC-MS-MS","LC-MS-MS"
"16","2",61.53,"Ambient","LC-MS-MS","LC-MS-MS"
"16","2",62.23,"Ambient","LC-MS-MS","LC-MS-MS"
"16","3",77.38,"Ambient","LC-MS-MS","LC-MS-MS"
"16","3",77.3,"Ambient","LC-MS-MS","LC-MS-MS"
"16","4",72.66,"Ambient","LC-MS-MS","LC-MS-MS"
"16","4",70.86,"Ambient","LC-MS-MS","LC-MS-MS"
"16","5",31.32,"Ambient","LC-MS-MS","LC-MS-MS"
"16","5",28.28,"Ambient","LC-MS-MS","LC-MS-MS"
"16","6",98.52,"Ambient","LC-MS-MS","LC-MS-MS"
"16","6",94.1,"Ambient","LC-MS-MS","LC-MS-MS"
"16","7",72.13,"Ambient","LC-MS-MS","LC-MS-MS"
"16","7",74.36,"Ambient","LC-MS-MS","LC-MS-MS"
"16","8",44.63,"Ambient","LC-MS-MS","LC-MS-MS"
"16","8",42.88,"Ambient","LC-MS-MS","LC-MS-MS"
"16","9",106.52,"Ambient","LC-MS-MS","LC-MS-MS"
"16","9",107.57,"Ambient","LC-MS-MS","LC-MS-MS"
"17","1",36.25,"Ambient","LC-MS-MS","LC-MS-MS"
"17","1",36.38,"Ambient","LC-MS-MS","LC-MS-MS"
"17","2",58.48,"Ambient","LC-MS-MS","LC-MS-MS"
"17","2",57.26,"Ambient","LC-MS-MS","LC-MS-MS"
"17","3",71.77,"Ambient","LC-MS-MS","LC-MS-MS"
"17","3",78.02,"Ambient","LC-MS-MS","LC-MS-MS"
"17","4",74.69,"Ambient","LC-MS-MS","LC-MS-MS"
"17","4",73.16,"Ambient","LC-MS-MS","LC-MS-MS"
"17","5",27.75,"Ambient","LC-MS-MS","LC-MS-MS"
"17","5",28.59,"Ambient","LC-MS-MS","LC-MS-MS"
"17","6",93.02,"Ambient","LC-MS-MS","LC-MS-MS"
"17","6",97.84,"Ambient","LC-MS-MS","LC-MS-MS"
"17","7",65.34,"Ambient","LC-MS-MS","LC-MS-MS"
"17","7",68.17,"Ambient","LC-MS-MS","LC-MS-MS"
"17","8",42.17,"Ambient","LC-MS-MS","LC-MS-MS"
"17","8",42.61,"Ambient","LC-MS-MS","LC-MS-MS"
"17","9",98.51,"Ambient","LC-MS-MS","LC-MS-MS"
"17","9",99.89,"Ambient","LC-MS-MS","LC-MS-MS"
"18","1",37.25,"Ambient","Abbott Architect","IA"
"18","1",37.5,"Ambient","Abbott Architect","IA"
"18","2",70.75,"Ambient","Abbott Architect","IA"
"18","2",70.75,"Ambient","Abbott Architect","IA"
"18","3",86,"Ambient","Abbott Architect","IA"
"18","3",87.75,"Ambient","Abbott Architect","IA"
"18","4",79,"Ambient","Abbott Architect","IA"
"18","4",82.75,"Ambient","Abbott Architect","IA"
"18","5",29.75,"Ambient","Abbott Architect","IA"
"18","5",28.5,"Ambient","Abbott Architect","IA"
"18","6",107.25,"Ambient","Abbott Architect","IA"
"18","6",107,"Ambient","Abbott Architect","IA"
"18","7",77,"Ambient","Abbott Architect","IA"
"18","7",76.25,"Ambient","Abbott Architect","IA"
"18","8",40.5,"Ambient","Abbott Architect","IA"
"18","8",44,"Ambient","Abbott Architect","IA"
"18","9",79.5,"Ambient","Abbott Architect","IA"
"18","9",81.25,"Ambient","Abbott Architect","IA"
"19","1",34.9,"Ambient","Roche Vitamin D Total II","IA"
"19","1",41.9,"Ambient","Roche Vitamin D Total II","IA"
"19","2",73.8,"Ambient","Roche Vitamin D Total II","IA"
"19","2",81.3,"Ambient","Roche Vitamin D Total II","IA"
"19","3",85.2,"Ambient","Roche Vitamin D Total II","IA"
"19","3",90.8,"Ambient","Roche Vitamin D Total II","IA"
"19","4",93.5,"Ambient","Roche Vitamin D Total II","IA"
"19","4",93.5,"Ambient","Roche Vitamin D Total II","IA"
"19","5",26.3,"Ambient","Roche Vitamin D Total II","IA"
"19","5",26.2,"Ambient","Roche Vitamin D Total II","IA"
"19","6",112.12,"Ambient","Roche Vitamin D Total II","IA"
"19","6",115.6,"Ambient","Roche Vitamin D Total II","IA"
"19","7",79.5,"Ambient","Roche Vitamin D Total II","IA"
"19","7",79.1,"Ambient","Roche Vitamin D Total II","IA"
"19","8",42,"Ambient","Roche Vitamin D Total II","IA"
"19","8",44.4,"Ambient","Roche Vitamin D Total II","IA"
"19","9",97,"Ambient","Roche Vitamin D Total II","IA"
"19","9",102.17,"Ambient","Roche Vitamin D Total II","IA"
"20","1",35.63,"Ambient","IDS-iSYS","IA"
"20","1",42,"Ambient","IDS-iSYS","IA"
"20","2",74.15,"Ambient","IDS-iSYS","IA"
"20","2",74.25,"Ambient","IDS-iSYS","IA"
"20","3",78.17,"Ambient","IDS-iSYS","IA"
"20","3",90.5,"Ambient","IDS-iSYS","IA"
"20","4",78.9,"Ambient","IDS-iSYS","IA"
"20","4",79.5,"Ambient","IDS-iSYS","IA"
"20","5",30.54,"Ambient","IDS-iSYS","IA"
"20","5",33,"Ambient","IDS-iSYS","IA"
"20","6",101,"Ambient","IDS-iSYS","IA"
"20","6",96.25,"Ambient","IDS-iSYS","IA"
"20","7",72.75,"Ambient","IDS-iSYS","IA"
"20","7",78.5,"Ambient","IDS-iSYS","IA"
"20","8",51.55,"Ambient","IDS-iSYS","IA"
"20","8",45.5,"Ambient","IDS-iSYS","IA"
"20","9",149.01,"Ambient","IDS-iSYS","IA"
"20","9",149,"Ambient","IDS-iSYS","IA"
"21","1",36.5,"Ambient","IDS EIA","IA"
"21","1",40.4,"Ambient","IDS EIA","IA"
"21","2",75.2,"Ambient","IDS EIA","IA"
"21","2",60.1,"Ambient","IDS EIA","IA"
"21","3",95.5,"Ambient","IDS EIA","IA"
"21","3",101.5,"Ambient","IDS EIA","IA"
"21","4",87.8,"Ambient","IDS EIA","IA"
"21","4",88.2,"Ambient","IDS EIA","IA"
"21","5",32.5,"Ambient","IDS EIA","IA"
"21","5",33.6,"Ambient","IDS EIA","IA"
"21","6",103.9,"Ambient","IDS EIA","IA"
"21","6",110.1,"Ambient","IDS EIA","IA"
"21","7",82.6,"Ambient","IDS EIA","IA"
"21","7",86.5,"Ambient","IDS EIA","IA"
"21","8",46.2,"Ambient","IDS EIA","IA"
"21","8",47.8,"Ambient","IDS EIA","IA"
"21","9",108.3,"Ambient","IDS EIA","IA"
"21","9",108.3,"Ambient","IDS EIA","IA"
"22","1",41.9,"Ambient","LC-MS-MS","LC-MS-MS"
"22","1",42.2,"Ambient","LC-MS-MS","LC-MS-MS"
"22","2",73.2,"Ambient","LC-MS-MS","LC-MS-MS"
"22","2",68,"Ambient","LC-MS-MS","LC-MS-MS"
"22","3",88.7,"Ambient","LC-MS-MS","LC-MS-MS"
"22","3",90.7,"Ambient","LC-MS-MS","LC-MS-MS"
"22","4",86.5,"Ambient","LC-MS-MS","LC-MS-MS"
"22","4",86.2,"Ambient","LC-MS-MS","LC-MS-MS"
"22","5",32,"Ambient","LC-MS-MS","LC-MS-MS"
"22","5",34.9,"Ambient","LC-MS-MS","LC-MS-MS"
"22","6",113.9,"Ambient","LC-MS-MS","LC-MS-MS"
"22","6",106.5,"Ambient","LC-MS-MS","LC-MS-MS"
"22","7",82.6,"Ambient","LC-MS-MS","LC-MS-MS"
"22","7",79.4,"Ambient","LC-MS-MS","LC-MS-MS"
"22","8",52.2,"Ambient","LC-MS-MS","LC-MS-MS"
"22","8",47.4,"Ambient","LC-MS-MS","LC-MS-MS"
"22","9",124.8,"Ambient","LC-MS-MS","LC-MS-MS"
"22","9",118.1,"Ambient","LC-MS-MS","LC-MS-MS"
"23","1",39.7,"Ambient","Abbott Architect","IA"
"23","1",39.6,"Ambient","Abbott Architect","IA"
"23","2",71.9,"Ambient","Abbott Architect","IA"
"23","2",64.6,"Ambient","Abbott Architect","IA"
"23","3",91.3,"Ambient","Abbott Architect","IA"
"23","3",90.8,"Ambient","Abbott Architect","IA"
"23","4",83.3,"Ambient","Abbott Architect","IA"
"23","4",81.5,"Ambient","Abbott Architect","IA"
"23","5",29.9,"Ambient","Abbott Architect","IA"
"23","5",29.7,"Ambient","Abbott Architect","IA"
"23","6",108.6,"Ambient","Abbott Architect","IA"
"23","6",96.5,"Ambient","Abbott Architect","IA"
"23","7",80.9,"Ambient","Abbott Architect","IA"
"23","7",77.9,"Ambient","Abbott Architect","IA"
"23","8",45,"Ambient","Abbott Architect","IA"
"23","8",43.8,"Ambient","Abbott Architect","IA"
"23","9",83.1,"Ambient","Abbott Architect","IA"
"23","9",84.5,"Ambient","Abbott Architect","IA"
"24","1",37.3,"Ambient","DiaSorin Liaison Total","IA"
"24","1",45.5,"Ambient","DiaSorin Liaison Total","IA"
"24","2",70,"Ambient","DiaSorin Liaison Total","IA"
"24","2",79.8,"Ambient","DiaSorin Liaison Total","IA"
"24","3",90.5,"Ambient","DiaSorin Liaison Total","IA"
"24","3",95.8,"Ambient","DiaSorin Liaison Total","IA"
"24","4",83.5,"Ambient","DiaSorin Liaison Total","IA"
"24","4",89,"Ambient","DiaSorin Liaison Total","IA"
"24","5",32.8,"Ambient","DiaSorin Liaison Total","IA"
"24","5",36.3,"Ambient","DiaSorin Liaison Total","IA"
"24","6",102.3,"Ambient","DiaSorin Liaison Total","IA"
"24","6",103.3,"Ambient","DiaSorin Liaison Total","IA"
"24","7",79.3,"Ambient","DiaSorin Liaison Total","IA"
"24","7",85.5,"Ambient","DiaSorin Liaison Total","IA"
"24","8",50.8,"Ambient","DiaSorin Liaison Total","IA"
"24","8",49.5,"Ambient","DiaSorin Liaison Total","IA"
"24","9",110.8,"Ambient","DiaSorin Liaison Total","IA"
"24","9",104.8,"Ambient","DiaSorin Liaison Total","IA"
"25.1","1",44.3,"Ambient","LC-MS-MS","LC-MS-MS"
"25.1","1",39.2,"Ambient","LC-MS-MS","LC-MS-MS"
"25.1","2",60,"Ambient","LC-MS-MS","LC-MS-MS"
"25.1","2",63.6,"Ambient","LC-MS-MS","LC-MS-MS"
"25.1","3",76.8,"Ambient","LC-MS-MS","LC-MS-MS"
"25.1","3",78.3,"Ambient","LC-MS-MS","LC-MS-MS"
"25.1","4",71.1,"Ambient","LC-MS-MS","LC-MS-MS"
"25.1","4",76.8,"Ambient","LC-MS-MS","LC-MS-MS"
"25.1","5",34.3,"Ambient","LC-MS-MS","LC-MS-MS"
"25.1","5",34.8,"Ambient","LC-MS-MS","LC-MS-MS"
"25.1","6",109,"Ambient","LC-MS-MS","LC-MS-MS"
"25.1","6",102,"Ambient","LC-MS-MS","LC-MS-MS"
"25.1","7",73.7,"Ambient","LC-MS-MS","LC-MS-MS"
"25.1","7",72.8,"Ambient","LC-MS-MS","LC-MS-MS"
"25.1","8",46.9,"Ambient","LC-MS-MS","LC-MS-MS"
"25.1","8",47.9,"Ambient","LC-MS-MS","LC-MS-MS"
"25.1","9",107,"Ambient","LC-MS-MS","LC-MS-MS"
"25.1","9",112,"Ambient","LC-MS-MS","LC-MS-MS"
"25.2","1",39,"Ambient","LC-MS-MS","LC-MS-MS"
"25.2","1",34.8,"Ambient","LC-MS-MS","LC-MS-MS"
"25.2","2",67.1,"Ambient","LC-MS-MS","LC-MS-MS"
"25.2","2",64.1,"Ambient","LC-MS-MS","LC-MS-MS"
"25.2","3",79.2,"Ambient","LC-MS-MS","LC-MS-MS"
"25.2","3",76.3,"Ambient","LC-MS-MS","LC-MS-MS"
"25.2","4",71.4,"Ambient","LC-MS-MS","LC-MS-MS"
"25.2","4",76.8,"Ambient","LC-MS-MS","LC-MS-MS"
"25.2","5",34.2,"Ambient","LC-MS-MS","LC-MS-MS"
"25.2","5",31.2,"Ambient","LC-MS-MS","LC-MS-MS"
"25.2","6",100,"Ambient","LC-MS-MS","LC-MS-MS"
"25.2","6",111,"Ambient","LC-MS-MS","LC-MS-MS"
"25.2","7",71.3,"Ambient","LC-MS-MS","LC-MS-MS"
"25.2","7",76.9,"Ambient","LC-MS-MS","LC-MS-MS"
"25.2","8",42.3,"Ambient","LC-MS-MS","LC-MS-MS"
"25.2","8",49.5,"Ambient","LC-MS-MS","LC-MS-MS"
"25.2","9",102,"Ambient","LC-MS-MS","LC-MS-MS"
"25.2","9",97,"Ambient","LC-MS-MS","LC-MS-MS"
"26","1",38.27,"Ambient","Beckman Access2 Total 25OHD","IA"
"26","1",40.09,"Ambient","Beckman Access2 Total 25OHD","IA"
"26","2",75.46,"Ambient","Beckman Access2 Total 25OHD","IA"
"26","2",70.89,"Ambient","Beckman Access2 Total 25OHD","IA"
"26","3",79.64,"Ambient","Beckman Access2 Total 25OHD","IA"
"26","3",79.46,"Ambient","Beckman Access2 Total 25OHD","IA"
"26","4",76.42,"Ambient","Beckman Access2 Total 25OHD","IA"
"26","4",73.23,"Ambient","Beckman Access2 Total 25OHD","IA"
"26","5",36.62,"Ambient","Beckman Access2 Total 25OHD","IA"
"26","5",34.09,"Ambient","Beckman Access2 Total 25OHD","IA"
"26","6",102.3,"Ambient","Beckman Access2 Total 25OHD","IA"
"26","6",107,"Ambient","Beckman Access2 Total 25OHD","IA"
"26","7",69.98,"Ambient","Beckman Access2 Total 25OHD","IA"
"26","7",69.7,"Ambient","Beckman Access2 Total 25OHD","IA"
"26","8",48.44,"Ambient","Beckman Access2 Total 25OHD","IA"
"26","8",43.29,"Ambient","Beckman Access2 Total 25OHD","IA"
"26","9",110.56,"Ambient","Beckman Access2 Total 25OHD","IA"
"26","9",112.56,"Ambient","Beckman Access2 Total 25OHD","IA"
"27","1",38.74,"Ambient","Abbott Architect","IA"
"27","1",38.39,"Ambient","Abbott Architect","IA"
"27","2",71.1,"Ambient","Abbott Architect","IA"
"27","2",70.41,"Ambient","Abbott Architect","IA"
"27","3",82.21,"Ambient","Abbott Architect","IA"
"27","3",89.21,"Ambient","Abbott Architect","IA"
"27","4",72.44,"Ambient","Abbott Architect","IA"
"27","4",80.35,"Ambient","Abbott Architect","IA"
"27","5",30.6,"Ambient","Abbott Architect","IA"
"27","5",30.04,"Ambient","Abbott Architect","IA"
"27","6",106.32,"Ambient","Abbott Architect","IA"
"27","6",106.14,"Ambient","Abbott Architect","IA"
"27","7",79.6,"Ambient","Abbott Architect","IA"
"27","7",78.21,"Ambient","Abbott Architect","IA"
"27","8",45.51,"Ambient","Abbott Architect","IA"
"27","8",46.94,"Ambient","Abbott Architect","IA"
"27","9",80.81,"Ambient","Abbott Architect","IA"
"27","9",85.05,"Ambient","Abbott Architect","IA"
"28","1",42.25,"Ambient","LC-MS-MS","LC-MS-MS"
"28","1",43.31,"Ambient","LC-MS-MS","LC-MS-MS"
"28","2",67.05,"Ambient","LC-MS-MS","LC-MS-MS"
"28","2",71.64,"Ambient","LC-MS-MS","LC-MS-MS"
"28","3",89.26,"Ambient","LC-MS-MS","LC-MS-MS"
"28","3",89.7,"Ambient","LC-MS-MS","LC-MS-MS"
"28","4",80.15,"Ambient","LC-MS-MS","LC-MS-MS"
"28","4",85.85,"Ambient","LC-MS-MS","LC-MS-MS"
"28","5",32.9,"Ambient","LC-MS-MS","LC-MS-MS"
"28","5",36.09,"Ambient","LC-MS-MS","LC-MS-MS"
"28","6",109.81,"Ambient","LC-MS-MS","LC-MS-MS"
"28","6",110.04,"Ambient","LC-MS-MS","LC-MS-MS"
"28","7",78.85,"Ambient","LC-MS-MS","LC-MS-MS"
"28","7",78.61,"Ambient","LC-MS-MS","LC-MS-MS"
"28","8",46.77,"Ambient","LC-MS-MS","LC-MS-MS"
"28","8",48.16,"Ambient","LC-MS-MS","LC-MS-MS"
"28","9",122.39,"Ambient","LC-MS-MS","LC-MS-MS"
"28","9",116.26,"Ambient","LC-MS-MS","LC-MS-MS"
"29","1",37.29,"Ambient","Roche Vitamin D Total II","IA"
"29","1",40.08,"Ambient","Roche Vitamin D Total II","IA"
"29","2",78.02,"Ambient","Roche Vitamin D Total II","IA"
"29","2",78.73,"Ambient","Roche Vitamin D Total II","IA"
"29","3",88.27,"Ambient","Roche Vitamin D Total II","IA"
"29","3",93.24,"Ambient","Roche Vitamin D Total II","IA"
"29","4",86.87,"Ambient","Roche Vitamin D Total II","IA"
"29","4",92.43,"Ambient","Roche Vitamin D Total II","IA"
"29","5",26.52,"Ambient","Roche Vitamin D Total II","IA"
"29","5",25.91,"Ambient","Roche Vitamin D Total II","IA"
"29","6",118.7,"Ambient","Roche Vitamin D Total II","IA"
"29","6",115.4,"Ambient","Roche Vitamin D Total II","IA"
"29","7",84.65,"Ambient","Roche Vitamin D Total II","IA"
"29","7",81.83,"Ambient","Roche Vitamin D Total II","IA"
"29","8",47.46,"Ambient","Roche Vitamin D Total II","IA"
"29","8",48.17,"Ambient","Roche Vitamin D Total II","IA"
"29","9",108,"Ambient","Roche Vitamin D Total II","IA"
"29","9",107.6,"Ambient","Roche Vitamin D Total II","IA"
"30","1",43,"Ambient","Siemens ADVIA Centaur","IA"
"30","1",48.1,"Ambient","Siemens ADVIA Centaur","IA"
"30","2",80.5,"Ambient","Siemens ADVIA Centaur","IA"
"30","2",79.2,"Ambient","Siemens ADVIA Centaur","IA"
"30","3",91.7,"Ambient","Siemens ADVIA Centaur","IA"
"30","3",90.5,"Ambient","Siemens ADVIA Centaur","IA"
"30","4",86,"Ambient","Siemens ADVIA Centaur","IA"
"30","4",86.1,"Ambient","Siemens ADVIA Centaur","IA"
"30","5",48.3,"Ambient","Siemens ADVIA Centaur","IA"
"30","5",37.9,"Ambient","Siemens ADVIA Centaur","IA"
"30","6",95.8,"Ambient","Siemens ADVIA Centaur","IA"
"30","6",100,"Ambient","Siemens ADVIA Centaur","IA"
"30","7",81.2,"Ambient","Siemens ADVIA Centaur","IA"
"30","7",81.5,"Ambient","Siemens ADVIA Centaur","IA"
"30","8",60,"Ambient","Siemens ADVIA Centaur","IA"
"30","8",63,"Ambient","Siemens ADVIA Centaur","IA"
"30","9",124,"Ambient","Siemens ADVIA Centaur","IA"
"30","9",131,"Ambient","Siemens ADVIA Centaur","IA"
"31","1",37.48,"Ambient","SNIBE","IA"
"31","1",32.73,"Ambient","SNIBE","IA"
"31","2",67.03,"Ambient","SNIBE","IA"
"31","2",79.7,"Ambient","SNIBE","IA"
"31","3",92.5,"Ambient","SNIBE","IA"
"31","3",98.78,"Ambient","SNIBE","IA"
"31","4",81.65,"Ambient","SNIBE","IA"
"31","4",86.3,"Ambient","SNIBE","IA"
"31","5",30.9,"Ambient","SNIBE","IA"
"31","5",37.23,"Ambient","SNIBE","IA"
"31","6",115.78,"Ambient","SNIBE","IA"
"31","6",120.88,"Ambient","SNIBE","IA"
"31","7",90.12,"Ambient","SNIBE","IA"
"31","7",82.8,"Ambient","SNIBE","IA"
"31","8",46.83,"Ambient","SNIBE","IA"
"31","8",40.83,"Ambient","SNIBE","IA"
"31","9",85.62,"Ambient","SNIBE","IA"
"31","9",89.72,"Ambient","SNIBE","IA"
"33","1",38.25,"Ambient","LC-MS-MS","LC-MS-MS"
"33","1",42,"Ambient","LC-MS-MS","LC-MS-MS"
"33","2",63,"Ambient","LC-MS-MS","LC-MS-MS"
"33","2",65.75,"Ambient","LC-MS-MS","LC-MS-MS"
"33","3",81.5,"Ambient","LC-MS-MS","LC-MS-MS"
"33","3",82,"Ambient","LC-MS-MS","LC-MS-MS"
"33","4",77.5,"Ambient","LC-MS-MS","LC-MS-MS"
"33","4",77.25,"Ambient","LC-MS-MS","LC-MS-MS"
"33","5",33.5,"Ambient","LC-MS-MS","LC-MS-MS"
"33","5",31.25,"Ambient","LC-MS-MS","LC-MS-MS"
"33","6",108.75,"Ambient","LC-MS-MS","LC-MS-MS"
"33","6",100.25,"Ambient","LC-MS-MS","LC-MS-MS"
"33","7",77.5,"Ambient","LC-MS-MS","LC-MS-MS"
"33","7",71.75,"Ambient","LC-MS-MS","LC-MS-MS"
"33","8",48.25,"Ambient","LC-MS-MS","LC-MS-MS"
"33","8",42,"Ambient","LC-MS-MS","LC-MS-MS"
"33","9",123.88,"Ambient","LC-MS-MS","LC-MS-MS"
"33","9",106.29,"Ambient","LC-MS-MS","LC-MS-MS"
"34","1",35.3,"Ambient","bioMerieux 25OH Vitamin D Total","IA"
"34","1",36.8,"Ambient","bioMerieux 25OH Vitamin D Total","IA"
"34","2",81.5,"Ambient","bioMerieux 25OH Vitamin D Total","IA"
"34","2",85.5,"Ambient","bioMerieux 25OH Vitamin D Total","IA"
"34","3",95.8,"Ambient","bioMerieux 25OH Vitamin D Total","IA"
"34","3",100,"Ambient","bioMerieux 25OH Vitamin D Total","IA"
"34","4",85,"Ambient","bioMerieux 25OH Vitamin D Total","IA"
"34","4",93,"Ambient","bioMerieux 25OH Vitamin D Total","IA"
"34","5",23.3,"Ambient","bioMerieux 25OH Vitamin D Total","IA"
"34","5",36.5,"Ambient","bioMerieux 25OH Vitamin D Total","IA"
"34","6",123.3,"Ambient","bioMerieux 25OH Vitamin D Total","IA"
"34","6",127,"Ambient","bioMerieux 25OH Vitamin D Total","IA"
"34","7",85.5,"Ambient","bioMerieux 25OH Vitamin D Total","IA"
"34","7",87.3,"Ambient","bioMerieux 25OH Vitamin D Total","IA"
"34","8",45.3,"Ambient","bioMerieux 25OH Vitamin D Total","IA"
"34","8",47.8,"Ambient","bioMerieux 25OH Vitamin D Total","IA"
"34","9",100.3,"Ambient","bioMerieux 25OH Vitamin D Total","IA"
"34","9",97.8,"Ambient","bioMerieux 25OH Vitamin D Total","IA"
"36","1",44.13,"Ambient","LC-MS-MS","LC-MS-MS"
"36","1",42.12,"Ambient","LC-MS-MS","LC-MS-MS"
"36","2",67.8,"Ambient","LC-MS-MS","LC-MS-MS"
"36","2",67.29,"Ambient","LC-MS-MS","LC-MS-MS"
"36","3",77.35,"Ambient","LC-MS-MS","LC-MS-MS"
"36","3",82.07,"Ambient","LC-MS-MS","LC-MS-MS"
"36","4",83.58,"Ambient","LC-MS-MS","LC-MS-MS"
"36","4",76.59,"Ambient","LC-MS-MS","LC-MS-MS"
"36","5",32.67,"Ambient","LC-MS-MS","LC-MS-MS"
"36","5",34.4,"Ambient","LC-MS-MS","LC-MS-MS"
"36","6",105.3,"Ambient","LC-MS-MS","LC-MS-MS"
"36","6",100.58,"Ambient","LC-MS-MS","LC-MS-MS"
"36","7",74.58,"Ambient","LC-MS-MS","LC-MS-MS"
"36","7",75.12,"Ambient","LC-MS-MS","LC-MS-MS"
"36","8",47.86,"Ambient","LC-MS-MS","LC-MS-MS"
"36","8",50.1,"Ambient","LC-MS-MS","LC-MS-MS"
"36","9",109.93,"Ambient","LC-MS-MS","LC-MS-MS"
"36","9",109.49,"Ambient","LC-MS-MS","LC-MS-MS"
"37","1",38.69,"Ambient","LC-MS-MS","LC-MS-MS"
"37","1",37.61,"Ambient","LC-MS-MS","LC-MS-MS"
"37","2",63.76,"Ambient","LC-MS-MS","LC-MS-MS"
"37","2",58.52,"Ambient","LC-MS-MS","LC-MS-MS"
"37","3",78.93,"Ambient","LC-MS-MS","LC-MS-MS"
"37","3",73.22,"Ambient","LC-MS-MS","LC-MS-MS"
"37","4",76.93,"Ambient","LC-MS-MS","LC-MS-MS"
"37","4",73.06,"Ambient","LC-MS-MS","LC-MS-MS"
"37","5",32.22,"Ambient","LC-MS-MS","LC-MS-MS"
"37","5",30.66,"Ambient","LC-MS-MS","LC-MS-MS"
"37","6",95.04,"Ambient","LC-MS-MS","LC-MS-MS"
"37","6",97.42,"Ambient","LC-MS-MS","LC-MS-MS"
"37","7",78.07,"Ambient","LC-MS-MS","LC-MS-MS"
"37","7",70.41,"Ambient","LC-MS-MS","LC-MS-MS"
"37","8",42.37,"Ambient","LC-MS-MS","LC-MS-MS"
"37","8",41.77,"Ambient","LC-MS-MS","LC-MS-MS"
"37","9",105.08,"Ambient","LC-MS-MS","LC-MS-MS"
"37","9",105.52,"Ambient","LC-MS-MS","LC-MS-MS"
"38","1",42.5,"Ambient","LC-MS-MS","LC-MS-MS"
"38","1",36.9,"Ambient","LC-MS-MS","LC-MS-MS"
"38","2",62.4,"Ambient","LC-MS-MS","LC-MS-MS"
"38","2",62.7,"Ambient","LC-MS-MS","LC-MS-MS"
"38","3",79.9,"Ambient","LC-MS-MS","LC-MS-MS"
"38","3",77.5,"Ambient","LC-MS-MS","LC-MS-MS"
"38","4",78.2,"Ambient","LC-MS-MS","LC-MS-MS"
"38","4",72.4,"Ambient","LC-MS-MS","LC-MS-MS"
"38","5",28.6,"Ambient","LC-MS-MS","LC-MS-MS"
"38","5",32.7,"Ambient","LC-MS-MS","LC-MS-MS"
"38","6",99.9,"Ambient","LC-MS-MS","LC-MS-MS"
"38","6",110.9,"Ambient","LC-MS-MS","LC-MS-MS"
"38","7",74.5,"Ambient","LC-MS-MS","LC-MS-MS"
"38","7",73.1,"Ambient","LC-MS-MS","LC-MS-MS"
"38","8",45.3,"Ambient","LC-MS-MS","LC-MS-MS"
"38","8",47.2,"Ambient","LC-MS-MS","LC-MS-MS"
"38","9",109.1,"Ambient","LC-MS-MS","LC-MS-MS"
"38","9",113.1,"Ambient","LC-MS-MS","LC-MS-MS"
"39","1",52.5,"Ambient","IDS-iSYS","IA"
"39","1",43.5,"Ambient","IDS-iSYS","IA"
"39","2",92.75,"Ambient","IDS-iSYS","IA"
"39","2",78.25,"Ambient","IDS-iSYS","IA"
"39","3",91,"Ambient","IDS-iSYS","IA"
"39","3",85,"Ambient","IDS-iSYS","IA"
"39","4",89.5,"Ambient","IDS-iSYS","IA"
"39","4",95.5,"Ambient","IDS-iSYS","IA"
"39","5",42,"Ambient","IDS-iSYS","IA"
"39","5",44.5,"Ambient","IDS-iSYS","IA"
"39","6",109.25,"Ambient","IDS-iSYS","IA"
"39","6",119,"Ambient","IDS-iSYS","IA"
"39","7",85.75,"Ambient","IDS-iSYS","IA"
"39","7",91.25,"Ambient","IDS-iSYS","IA"
"39","8",49.25,"Ambient","IDS-iSYS","IA"
"39","8",56.75,"Ambient","IDS-iSYS","IA"
"39","9",106,"Ambient","IDS-iSYS","IA"
"39","9",113.75,"Ambient","IDS-iSYS","IA"
"40","1",40.49,"Ambient","Siemens ADVIA Centaur","IA"
"40","1",48.35,"Ambient","Siemens ADVIA Centaur","IA"
"40","2",69.15,"Ambient","Siemens ADVIA Centaur","IA"
"40","2",73.15,"Ambient","Siemens ADVIA Centaur","IA"
"40","4",74.64,"Ambient","Siemens ADVIA Centaur","IA"
"40","4",84.53,"Ambient","Siemens ADVIA Centaur","IA"
"40","5",32.76,"Ambient","Siemens ADVIA Centaur","IA"
"40","5",41.36,"Ambient","Siemens ADVIA Centaur","IA"
"40","6",92.17,"Ambient","Siemens ADVIA Centaur","IA"
"40","6",93.67,"Ambient","Siemens ADVIA Centaur","IA"
"40","7",75.29,"Ambient","Siemens ADVIA Centaur","IA"
"40","7",82.3,"Ambient","Siemens ADVIA Centaur","IA"
"40","8",49.33,"Ambient","Siemens ADVIA Centaur","IA"
"40","8",49.16,"Ambient","Siemens ADVIA Centaur","IA"
"40","9",111.03,"Ambient","Siemens ADVIA Centaur","IA"
"40","9",122.59,"Ambient","Siemens ADVIA Centaur","IA"
